시군구_시군명,사고일시_연도,사고일시_월,시군구_읍면동명,사고일시_분기,predicted_risk_index,high_risk_flag,high_risk_prob,actual_risk_index,alert_type,risk_factor_1,risk_factor_2,risk_factor_3,risk_factor_4,risk_factor_5,safe_factor_1,safe_factor_2,safe_factor_3,safe_factor_4,safe_factor_5
밀양시,2020년,10월,가곡동,4,40.54,1,0.6666,45,High-Risk Warning,weather_cloudy,sports_facilities,viol_signal,법규위반_교차로운행방법위반_건수,road_near_intersection,road_dry,weather_clear,viol_unsafe_driving,viol_pedestrian_prot,road_wet
밀양시,2020년,10월,내이동,4,121.23,1,0.9938,101,High-Risk Warning,road_dry,viol_unsafe_driving,weather_clear,road_single_other,법규위반_교차로운행방법위반_건수,road_wet,viol_pedestrian_prot,viol_signal,weather_cloudy,road_intersection
밀양시,2020년,10월,내일동,4,32.89,0,0.3029,57,Low-Risk,viol_other,road_single_other,법규위반_교차로운행방법위반_건수,viol_unsafe_distance,viol_centerline,road_dry,viol_unsafe_driving,weather_clear,viol_pedestrian_prot,road_wet
밀양시,2020년,10월,단장면,4,65.02,1,0.9047,117,High-Risk Warning,viol_pedestrian_prot,weather_clear,road_single_other,법규위반_교차로운행방법위반_건수,viol_unsafe_distance,road_dry,viol_unsafe_driving,weather_cloudy,road_wet,road_intersection
밀양시,2020년,10월,무안면,4,29.41,0,0.3646,40,Low-Risk,road_near_intersection,법규위반_교차로운행방법위반_건수,viol_signal,viol_unsafe_distance,viol_centerline,road_dry,weather_clear,viol_unsafe_driving,road_wet,viol_pedestrian_prot
밀양시,2020년,10월,부북면,4,15.58,0,0.0493,8,Low-Risk,법규위반_교차로운행방법위반_건수,viol_unsafe_distance,viol_centerline,법규위반_직진우회전진행방해_건수,viol_lane,road_dry,viol_unsafe_driving,weather_clear,road_wet,viol_pedestrian_prot
밀양시,2020년,10월,산내면,4,20.99,0,0.2306,12,Low-Risk,road_wet,weather_cloudy,법규위반_교차로운행방법위반_건수,campgrounds,viol_unsafe_distance,road_dry,weather_clear,viol_unsafe_driving,viol_pedestrian_prot,road_intersection
밀양시,2020년,10월,산외면,4,58.91,1,0.9845,75,High-Risk Warning,road_dry,weather_clear,road_single_other,campgrounds,sports_facilities,viol_unsafe_driving,viol_pedestrian_prot,road_wet,weather_cloudy,road_intersection
밀양시,2020년,10월,삼랑진읍,4,71.36,1,0.98,86,High-Risk Warning,road_dry,weather_clear,viol_unsafe_driving,road_single_other,road_near_intersection,viol_pedestrian_prot,road_wet,weather_cloudy,road_intersection,viol_other
밀양시,2020년,10월,삼문동,4,157.29,1,0.9988,154,High-Risk Warning,road_dry,viol_unsafe_driving,road_wet,weather_cloudy,weather_clear,viol_pedestrian_prot,viol_signal,도로형태_교차로횡단보도내_건수,campgrounds,viol_centerline
밀양시,2020년,10월,상남면,4,48.23,1,0.7179,79,High-Risk Warning,viol_pedestrian_prot,weather_cloudy,법규위반_교차로운행방법위반_건수,road_near_intersection,viol_unsafe_distance,road_dry,viol_unsafe_driving,weather_clear,road_single_other,road_wet
밀양시,2020년,10월,상동면,4,29.06,0,0.2719,40,Low-Risk,road_single_other,법규위반_교차로운행방법위반_건수,viol_unsafe_distance,viol_centerline,법규위반_직진우회전진행방해_건수,road_dry,weather_clear,viol_unsafe_driving,viol_pedestrian_prot,road_wet
밀양시,2020년,10월,용평동,4,14.49,0,0.0431,8,Low-Risk,법규위반_교차로운행방법위반_건수,viol_unsafe_distance,campgrounds,viol_centerline,법규위반_직진우회전진행방해_건수,road_dry,viol_unsafe_driving,weather_clear,road_wet,viol_pedestrian_prot
밀양시,2020년,10월,초동면,4,29.06,0,0.2701,27,Low-Risk,법규위반_교차로운행방법위반_건수,viol_unsafe_distance,viol_centerline,법규위반_직진우회전진행방해_건수,viol_lane,road_dry,weather_clear,viol_unsafe_driving,road_wet,viol_pedestrian_prot
밀양시,2020년,10월,하남읍,4,85.4,1,0.9916,96,High-Risk Warning,road_dry,viol_unsafe_driving,weather_clear,weather_cloudy,road_intersection,road_wet,viol_pedestrian_prot,법규위반_교차로운행방법위반_건수,viol_other,weather_rain
밀양시,2020년,11월,가곡동,4,28.71,0,0.2027,27,Low-Risk,법규위반_교차로운행방법위반_건수,viol_unsafe_distance,viol_centerline,법규위반_직진우회전진행방해_건수,viol_lane,road_dry,viol_unsafe_driving,weather_clear,road_wet,viol_pedestrian_prot
밀양시,2020년,11월,교동,4,15.36,0,0.0226,19,Low-Risk,법규위반_교차로운행방법위반_건수,viol_unsafe_distance,viol_centerline,법규위반_직진우회전진행방해_건수,viol_lane,road_dry,viol_unsafe_driving,weather_clear,road_wet,viol_pedestrian_prot
밀양시,2020년,11월,내이동,4,135.8,1,0.9986,126,High-Risk Warning,road_dry,viol_unsafe_driving,road_wet,weather_clear,road_intersection,viol_pedestrian_prot,법규위반_교차로운행방법위반_건수,sports_facilities,viol_other,도로형태_교차로횡단보도내_건수
밀양시,2020년,11월,내일동,4,14.79,0,0.0224,19,Low-Risk,법규위반_교차로운행방법위반_건수,viol_unsafe_distance,campgrounds,viol_centerline,법규위반_직진우회전진행방해_건수,road_dry,viol_unsafe_driving,weather_clear,road_wet,viol_pedestrian_prot
밀양시,2020년,11월,무안면,4,29.06,0,0.2719,16,Low-Risk,road_single_other,법규위반_교차로운행방법위반_건수,viol_unsafe_distance,viol_centerline,법규위반_직진우회전진행방해_건수,road_dry,weather_clear,viol_unsafe_driving,viol_pedestrian_prot,road_wet
밀양시,2020년,11월,부북면,4,37.85,1,0.6569,45,High-Risk Warning,weather_cloudy,road_single_other,법규위반_교차로운행방법위반_건수,road_near_intersection,viol_centerline,road_dry,weather_clear,viol_unsafe_driving,viol_pedestrian_prot,road_wet
밀양시,2020년,11월,산외면,4,15.89,0,0.059,19,Low-Risk,campgrounds,sports_facilities,법규위반_교차로운행방법위반_건수,viol_unsafe_distance,viol_centerline,road_dry,viol_unsafe_driving,weather_clear,road_wet,viol_pedestrian_prot
밀양시,2020년,11월,삼랑진읍,4,28.62,0,0.3208,38,Low-Risk,road_single_other,법규위반_교차로운행방법위반_건수,viol_unsafe_distance,viol_centerline,법규위반_직진우회전진행방해_건수,road_dry,viol_unsafe_driving,weather_clear,viol_pedestrian_prot,road_wet
밀양시,2020년,11월,삼문동,4,169.33,1,0.9984,204,High-Risk Warning,road_dry,viol_unsafe_driving,viol_pedestrian_prot,weather_cloudy,weather_clear,road_wet,법규위반_교차로운행방법위반_건수,weather_rain,campgrounds,viol_centerline
밀양시,2020년,11월,상남면,4,37.85,1,0.5099,24,High-Risk Warning,weather_cloudy,road_single_other,법규위반_교차로운행방법위반_건수,viol_unsafe_distance,road_near_intersection,road_dry,weather_clear,viol_unsafe_driving,viol_pedestrian_prot,road_wet
밀양시,2020년,11월,용평동,4,16.24,0,0.0548,8,Low-Risk,viol_signal,법규위반_교차로운행방법위반_건수,road_near_intersection,viol_unsafe_distance,viol_centerline,road_dry,viol_unsafe_driving,weather_clear,road_wet,viol_pedestrian_prot
밀양시,2020년,11월,초동면,4,15.58,0,0.0493,8,Low-Risk,법규위반_교차로운행방법위반_건수,viol_unsafe_distance,viol_centerline,법규위반_직진우회전진행방해_건수,viol_lane,road_dry,viol_unsafe_driving,weather_clear,road_wet,viol_pedestrian_prot
밀양시,2020년,11월,하남읍,4,80.45,1,0.9837,60,High-Risk Warning,road_dry,viol_unsafe_driving,weather_clear,road_intersection,road_near_intersection,road_wet,viol_pedestrian_prot,road_single_other,weather_cloudy,viol_other
밀양시,2020년,12월,가곡동,4,58.19,1,0.9712,86,High-Risk Warning,road_dry,weather_clear,road_single_other,road_near_intersection,viol_signal,viol_unsafe_driving,viol_pedestrian_prot,road_wet,weather_cloudy,road_intersection
밀양시,2020년,12월,교동,4,15.51,0,0.012,8,Low-Risk,viol_signal,법규위반_교차로운행방법위반_건수,road_near_intersection,viol_unsafe_distance,campgrounds,road_dry,viol_unsafe_driving,weather_clear,road_wet,viol_pedestrian_prot
밀양시,2020년,12월,내이동,4,124.45,1,0.9962,116,High-Risk Warning,road_dry,viol_unsafe_driving,weather_clear,weather_cloudy,road_single_other,road_wet,viol_pedestrian_prot,road_intersection,법규위반_교차로운행방법위반_건수,viol_signal
밀양시,2020년,12월,내일동,4,67.22,1,0.9796,70,High-Risk Warning,road_dry,weather_clear,viol_unsafe_driving,weather_cloudy,법규위반_교차로운행방법위반_건수,viol_pedestrian_prot,road_wet,road_intersection,sports_facilities,viol_other
밀양시,2020년,12월,무안면,4,35.51,1,0.5222,19,High-Risk Warning,viol_pedestrian_prot,법규위반_교차로운행방법위반_건수,viol_unsafe_distance,viol_centerline,법규위반_직진우회전진행방해_건수,road_dry,viol_unsafe_driving,weather_clear,weather_cloudy,road_single_other
밀양시,2020년,12월,부북면,4,15.58,0,0.0493,19,Low-Risk,법규위반_교차로운행방법위반_건수,viol_unsafe_distance,viol_centerline,법규위반_직진우회전진행방해_건수,viol_lane,road_dry,viol_unsafe_driving,weather_clear,road_wet,viol_pedestrian_prot
밀양시,2020년,12월,삼랑진읍,4,15.58,0,0.0493,8,Low-Risk,법규위반_교차로운행방법위반_건수,viol_unsafe_distance,viol_centerline,법규위반_직진우회전진행방해_건수,viol_lane,road_dry,viol_unsafe_driving,weather_clear,road_wet,viol_pedestrian_prot
밀양시,2020년,12월,삼문동,4,62.82,1,0.9876,58,High-Risk Warning,road_dry,weather_clear,weather_cloudy,road_single_other,sports_facilities,viol_unsafe_driving,viol_pedestrian_prot,road_wet,road_intersection,viol_other
밀양시,2020년,12월,상남면,4,64.45,1,0.9948,55,High-Risk Warning,road_dry,weather_clear,weather_cloudy,road_single_other,viol_signal,viol_unsafe_driving,viol_pedestrian_prot,road_wet,법규위반_교차로운행방법위반_건수,road_intersection
밀양시,2020년,12월,상동면,4,32.89,0,0.301,48,Low-Risk,viol_other,법규위반_교차로운행방법위반_건수,viol_unsafe_distance,viol_centerline,법규위반_직진우회전진행방해_건수,road_dry,viol_unsafe_driving,weather_clear,road_wet,viol_pedestrian_prot
밀양시,2020년,12월,용평동,4,25.8,0,0.3355,48,Low-Risk,road_wet,weather_rain,road_near_intersection,viol_signal,법규위반_교차로운행방법위반_건수,road_dry,viol_unsafe_driving,weather_clear,viol_pedestrian_prot,road_intersection
밀양시,2020년,12월,초동면,4,14.85,0,0.047,28,Low-Risk,road_near_intersection,법규위반_교차로운행방법위반_건수,viol_unsafe_distance,campgrounds,viol_centerline,road_dry,viol_unsafe_driving,weather_clear,road_wet,viol_pedestrian_prot
밀양시,2020년,12월,하남읍,4,21.12,0,0.2457,60,Low-Risk,road_wet,weather_rain,sports_facilities,campgrounds,법규위반_교차로운행방법위반_건수,road_dry,weather_clear,viol_unsafe_driving,viol_pedestrian_prot,road_intersection
밀양시,2020년,1월,가곡동,1,66.91,1,0.9622,82,High-Risk Warning,road_wet,viol_pedestrian_prot,weather_clear,road_intersection,weather_rain,road_dry,viol_unsafe_driving,weather_cloudy,road_single_other,도로형태_교차로횡단보도내_건수
밀양시,2020년,1월,교동,1,16.57,0,0.0295,28,Low-Risk,weather_cloudy,sports_facilities,법규위반_교차로운행방법위반_건수,viol_unsafe_distance,road_near_intersection,road_dry,weather_clear,viol_unsafe_driving,viol_pedestrian_prot,road_wet
밀양시,2020년,1월,내이동,1,88.42,1,0.9992,91,High-Risk Warning,road_dry,road_wet,weather_clear,road_intersection,viol_unsafe_driving,viol_pedestrian_prot,viol_signal,sports_facilities,viol_other,도로형태_교차로횡단보도내_건수
밀양시,2020년,1월,내일동,1,27.84,0,0.3624,38,Low-Risk,법규위반_교차로운행방법위반_건수,viol_unsafe_distance,campgrounds,viol_centerline,법규위반_직진우회전진행방해_건수,road_dry,viol_unsafe_driving,weather_clear,road_wet,viol_pedestrian_prot
밀양시,2020년,1월,단장면,1,15.35,0,0.0207,8,Low-Risk,법규위반_교차로운행방법위반_건수,viol_unsafe_distance,viol_centerline,법규위반_직진우회전진행방해_건수,viol_lane,road_dry,viol_unsafe_driving,weather_clear,road_wet,viol_pedestrian_prot
밀양시,2020년,1월,부북면,1,28.98,0,0.4311,27,Low-Risk,road_near_intersection,법규위반_교차로운행방법위반_건수,viol_signal,viol_unsafe_distance,viol_centerline,road_dry,viol_unsafe_driving,weather_clear,road_wet,viol_pedestrian_prot
밀양시,2020년,1월,산외면,1,29.37,0,0.311,48,Low-Risk,road_single_other,campgrounds,sports_facilities,법규위반_교차로운행방법위반_건수,viol_unsafe_distance,road_dry,weather_clear,viol_unsafe_driving,viol_pedestrian_prot,road_wet
밀양시,2020년,1월,삼랑진읍,1,58.3,1,0.9842,77,High-Risk Warning,road_dry,weather_clear,road_single_other,법규위반_교차로운행방법위반_건수,viol_unsafe_distance,viol_unsafe_driving,viol_pedestrian_prot,road_wet,weather_cloudy,road_intersection
밀양시,2020년,1월,삼문동,1,150.45,1,0.9996,137,High-Risk Warning,road_dry,viol_pedestrian_prot,road_wet,weather_cloudy,road_single_other,법규위반_교차로운행방법위반_건수,viol_signal,도로형태_교차로횡단보도내_건수,viol_other,road_near_intersection
밀양시,2020년,1월,상남면,1,23.1,1,0.576,30,High-Risk Warning,road_wet,weather_cloudy,weather_rain,road_single_other,법규위반_교차로운행방법위반_건수,road_dry,weather_clear,viol_unsafe_driving,viol_pedestrian_prot,road_intersection
밀양시,2020년,1월,초동면,1,13.44,0,0.0493,3,Low-Risk,weather_rain,법규위반_교차로운행방법위반_건수,viol_signal,viol_unsafe_distance,viol_centerline,road_dry,weather_clear,viol_unsafe_driving,road_wet,viol_pedestrian_prot
밀양시,2020년,1월,하남읍,1,79.1,1,0.9967,92,High-Risk Warning,road_dry,road_wet,weather_clear,road_intersection,weather_rain,viol_unsafe_driving,viol_pedestrian_prot,weather_cloudy,viol_other,road_single_other
밀양시,2020년,2월,가곡동,1,28.09,1,0.5297,37,High-Risk Warning,road_wet,weather_cloudy,sports_facilities,법규위반_교차로운행방법위반_건수,viol_unsafe_distance,road_dry,viol_unsafe_driving,weather_clear,viol_pedestrian_prot,road_intersection
밀양시,2020년,2월,내이동,1,57.41,1,0.9806,44,High-Risk Warning,road_dry,weather_clear,road_intersection,road_near_intersection,법규위반_교차로운행방법위반_건수,viol_unsafe_driving,road_wet,viol_pedestrian_prot,road_single_other,weather_cloudy
밀양시,2020년,2월,무안면,1,15.58,0,0.0493,8,Low-Risk,법규위반_교차로운행방법위반_건수,viol_unsafe_distance,viol_centerline,법규위반_직진우회전진행방해_건수,viol_lane,road_dry,viol_unsafe_driving,weather_clear,road_wet,viol_pedestrian_prot
밀양시,2020년,2월,부북면,1,15.58,0,0.0337,8,Low-Risk,법규위반_교차로운행방법위반_건수,viol_unsafe_distance,viol_centerline,법규위반_직진우회전진행방해_건수,viol_lane,road_dry,viol_unsafe_driving,weather_clear,road_wet,viol_pedestrian_prot
밀양시,2020년,2월,산외면,1,14.49,0,0.0517,8,Low-Risk,sports_facilities,campgrounds,법규위반_교차로운행방법위반_건수,viol_unsafe_distance,viol_centerline,road_dry,viol_unsafe_driving,weather_clear,road_wet,viol_pedestrian_prot
밀양시,2020년,2월,삼랑진읍,1,53.81,1,0.9261,49,High-Risk Warning,road_wet,weather_clear,weather_rain,road_single_other,법규위반_교차로운행방법위반_건수,road_dry,viol_unsafe_driving,viol_pedestrian_prot,road_intersection,weather_cloudy
밀양시,2020년,2월,삼문동,1,90.71,1,0.9993,81,High-Risk Warning,viol_pedestrian_prot,road_wet,road_dry,weather_cloudy,weather_clear,viol_unsafe_driving,road_single_other,법규위반_교차로운행방법위반_건수,viol_signal,viol_other
밀양시,2020년,2월,상남면,1,23.83,1,0.5267,16,High-Risk Warning,road_wet,weather_cloudy,viol_unsafe_distance,road_near_intersection,viol_centerline,road_dry,viol_unsafe_driving,weather_clear,viol_pedestrian_prot,road_intersection
밀양시,2020년,2월,상동면,1,15.58,0,0.0493,19,Low-Risk,법규위반_교차로운행방법위반_건수,viol_unsafe_distance,viol_centerline,법규위반_직진우회전진행방해_건수,viol_lane,road_dry,viol_unsafe_driving,weather_clear,road_wet,viol_pedestrian_prot
밀양시,2020년,2월,하남읍,1,65.28,1,0.9907,47,High-Risk Warning,viol_pedestrian_prot,road_dry,weather_clear,campgrounds,sports_facilities,viol_unsafe_driving,weather_cloudy,road_single_other,road_wet,road_intersection
밀양시,2020년,3월,가곡동,1,28.84,0,0.2041,30,Low-Risk,road_single_other,법규위반_교차로운행방법위반_건수,viol_unsafe_distance,viol_centerline,법규위반_직진우회전진행방해_건수,road_dry,weather_clear,viol_unsafe_driving,viol_pedestrian_prot,road_wet
밀양시,2020년,3월,교동,1,60.21,1,0.97,44,High-Risk Warning,road_dry,weather_clear,weather_cloudy,road_single_other,sports_facilities,viol_unsafe_driving,viol_pedestrian_prot,road_wet,법규위반_교차로운행방법위반_건수,road_intersection
밀양시,2020년,3월,내이동,1,96.27,1,0.9948,84,High-Risk Warning,road_dry,viol_unsafe_driving,weather_clear,road_intersection,road_single_other,road_wet,viol_pedestrian_prot,weather_cloudy,viol_other,weather_rain
밀양시,2020년,3월,내일동,1,29.06,0,0.2719,16,Low-Risk,road_single_other,법규위반_교차로운행방법위반_건수,viol_unsafe_distance,viol_centerline,법규위반_직진우회전진행방해_건수,road_dry,weather_clear,viol_unsafe_driving,viol_pedestrian_prot,road_wet
밀양시,2020년,3월,단장면,1,28.7,0,0.1613,38,Low-Risk,법규위반_교차로운행방법위반_건수,viol_unsafe_distance,viol_centerline,법규위반_직진우회전진행방해_건수,viol_lane,road_dry,viol_unsafe_driving,weather_clear,road_wet,viol_pedestrian_prot
밀양시,2020년,3월,부북면,1,29.06,0,0.2719,27,Low-Risk,road_single_other,법규위반_교차로운행방법위반_건수,viol_unsafe_distance,viol_centerline,법규위반_직진우회전진행방해_건수,road_dry,weather_clear,viol_unsafe_driving,viol_pedestrian_prot,road_wet
밀양시,2020년,3월,산내면,1,15.89,0,0.0207,19,Low-Risk,campgrounds,법규위반_교차로운행방법위반_건수,viol_unsafe_distance,viol_centerline,법규위반_직진우회전진행방해_건수,road_dry,viol_unsafe_driving,weather_clear,road_wet,viol_pedestrian_prot
밀양시,2020년,3월,삼랑진읍,1,45.45,1,0.7709,24,High-Risk Warning,weather_clear,법규위반_교차로운행방법위반_건수,viol_unsafe_distance,viol_centerline,법규위반_직진우회전진행방해_건수,road_dry,viol_unsafe_driving,road_wet,viol_pedestrian_prot,weather_cloudy
밀양시,2020년,3월,삼문동,1,64.73,1,0.9897,55,High-Risk Warning,road_dry,weather_clear,road_intersection,viol_signal,road_single_other,viol_unsafe_driving,road_wet,viol_pedestrian_prot,weather_cloudy,viol_other
밀양시,2020년,3월,상남면,1,46.11,1,0.9313,45,High-Risk Warning,weather_clear,viol_signal,법규위반_교차로운행방법위반_건수,road_near_intersection,viol_unsafe_distance,road_dry,viol_unsafe_driving,road_wet,viol_pedestrian_prot,weather_cloudy
밀양시,2020년,3월,초동면,1,15.73,0,0.0479,19,Low-Risk,viol_signal,법규위반_교차로운행방법위반_건수,road_near_intersection,viol_unsafe_distance,campgrounds,road_dry,viol_unsafe_driving,weather_clear,road_wet,viol_pedestrian_prot
밀양시,2020년,3월,하남읍,1,34.42,0,0.499,19,Low-Risk,viol_pedestrian_prot,sports_facilities,campgrounds,법규위반_교차로운행방법위반_건수,viol_unsafe_distance,road_dry,viol_unsafe_driving,weather_clear,road_single_other,weather_cloudy
밀양시,2020년,4월,가곡동,2,44.14,1,0.6196,57,High-Risk Warning,weather_clear,법규위반_교차로운행방법위반_건수,viol_unsafe_distance,campgrounds,viol_centerline,road_dry,viol_unsafe_driving,road_wet,viol_pedestrian_prot,weather_cloudy
밀양시,2020년,4월,내이동,2,76.93,1,0.984,61,High-Risk Warning,road_dry,weather_clear,viol_unsafe_driving,viol_other,weather_cloudy,road_wet,viol_pedestrian_prot,road_single_other,sports_facilities,weather_rain
밀양시,2020년,4월,내일동,2,15.58,0,0.0493,8,Low-Risk,법규위반_교차로운행방법위반_건수,viol_unsafe_distance,viol_centerline,법규위반_직진우회전진행방해_건수,viol_lane,road_dry,viol_unsafe_driving,weather_clear,road_wet,viol_pedestrian_prot
밀양시,2020년,4월,무안면,2,14.49,0,0.0431,8,Low-Risk,법규위반_교차로운행방법위반_건수,viol_unsafe_distance,campgrounds,viol_centerline,법규위반_직진우회전진행방해_건수,road_dry,viol_unsafe_driving,weather_clear,road_wet,viol_pedestrian_prot
밀양시,2020년,4월,산내면,2,14.79,0,0.0137,19,Low-Risk,campgrounds,법규위반_교차로운행방법위반_건수,viol_unsafe_distance,viol_centerline,법규위반_직진우회전진행방해_건수,road_dry,viol_unsafe_driving,weather_clear,road_wet,viol_pedestrian_prot
밀양시,2020년,4월,산외면,2,15.89,0,0.059,19,Low-Risk,campgrounds,sports_facilities,법규위반_교차로운행방법위반_건수,viol_unsafe_distance,viol_centerline,road_dry,viol_unsafe_driving,weather_clear,road_wet,viol_pedestrian_prot
밀양시,2020년,4월,삼랑진읍,2,29.41,0,0.3646,48,Low-Risk,road_near_intersection,법규위반_교차로운행방법위반_건수,viol_signal,viol_unsafe_distance,viol_centerline,road_dry,weather_clear,viol_unsafe_driving,road_wet,viol_pedestrian_prot
밀양시,2020년,4월,삼문동,2,97.01,1,0.9928,100,High-Risk Warning,road_dry,viol_unsafe_driving,weather_clear,road_intersection,road_single_other,road_wet,viol_pedestrian_prot,viol_signal,weather_cloudy,viol_other
밀양시,2020년,4월,상남면,2,29.06,0,0.2719,11,Low-Risk,road_single_other,법규위반_교차로운행방법위반_건수,viol_unsafe_distance,viol_centerline,법규위반_직진우회전진행방해_건수,road_dry,weather_clear,viol_unsafe_driving,viol_pedestrian_prot,road_wet
밀양시,2020년,4월,초동면,2,29.09,1,0.5299,27,High-Risk Warning,viol_signal,법규위반_교차로운행방법위반_건수,viol_unsafe_distance,viol_centerline,법규위반_직진우회전진행방해_건수,road_dry,viol_unsafe_driving,weather_clear,road_wet,viol_pedestrian_prot
밀양시,2020년,4월,하남읍,2,45.76,1,0.8568,50,High-Risk Warning,weather_clear,campgrounds,sports_facilities,법규위반_교차로운행방법위반_건수,viol_unsafe_distance,road_dry,viol_unsafe_driving,road_wet,viol_pedestrian_prot,weather_cloudy
밀양시,2020년,4월,활성동,2,15.2,0,0.0258,8,Low-Risk,sports_facilities,법규위반_교차로운행방법위반_건수,viol_centerline,법규위반_직진우회전진행방해_건수,viol_lane,road_dry,viol_unsafe_driving,weather_clear,road_wet,viol_pedestrian_prot
밀양시,2020년,5월,가곡동,2,48.73,1,0.7422,24,High-Risk Warning,weather_clear,viol_other,road_single_other,road_near_intersection,법규위반_교차로운행방법위반_건수,road_dry,viol_unsafe_driving,viol_pedestrian_prot,road_wet,weather_cloudy
밀양시,2020년,5월,교동,2,38.41,0,0.4674,27,Low-Risk,road_wet,weather_rain,road_single_other,법규위반_교차로운행방법위반_건수,sports_facilities,road_dry,weather_clear,viol_unsafe_driving,viol_pedestrian_prot,weather_cloudy
밀양시,2020년,5월,내이동,2,62.63,1,0.9959,72,High-Risk Warning,road_dry,weather_clear,road_intersection,road_single_other,road_near_intersection,viol_unsafe_driving,road_wet,viol_pedestrian_prot,viol_signal,weather_cloudy
밀양시,2020년,5월,내일동,2,13.81,0,0.0431,28,Low-Risk,법규위반_교차로운행방법위반_건수,viol_unsafe_distance,campgrounds,viol_centerline,법규위반_직진우회전진행방해_건수,road_dry,viol_unsafe_driving,weather_clear,road_wet,viol_pedestrian_prot
밀양시,2020년,5월,단장면,2,15.01,0,0.0255,19,Low-Risk,weather_cloudy,법규위반_교차로운행방법위반_건수,viol_unsafe_distance,road_near_intersection,viol_centerline,road_dry,weather_clear,viol_unsafe_driving,viol_pedestrian_prot,road_wet
밀양시,2020년,5월,무안면,2,65.05,1,0.98,66,High-Risk Warning,road_dry,weather_clear,viol_unsafe_driving,road_single_other,road_near_intersection,viol_pedestrian_prot,road_wet,weather_cloudy,road_intersection,viol_other
밀양시,2020년,5월,부북면,2,30.65,0,0.427,38,Low-Risk,weather_cloudy,viol_signal,road_near_intersection,viol_unsafe_distance,campgrounds,road_dry,viol_unsafe_driving,weather_clear,viol_pedestrian_prot,road_wet
밀양시,2020년,5월,산외면,2,15.73,0,0.0453,8,Low-Risk,viol_signal,sports_facilities,campgrounds,법규위반_교차로운행방법위반_건수,road_near_intersection,road_dry,viol_unsafe_driving,weather_clear,road_wet,viol_pedestrian_prot
밀양시,2020년,5월,삼랑진읍,2,14.49,0,0.0294,19,Low-Risk,법규위반_교차로운행방법위반_건수,viol_unsafe_distance,campgrounds,viol_centerline,법규위반_직진우회전진행방해_건수,road_dry,viol_unsafe_driving,weather_clear,road_wet,viol_pedestrian_prot
밀양시,2020년,5월,삼문동,2,99.34,1,0.9839,80,High-Risk Warning,road_dry,viol_unsafe_driving,weather_cloudy,weather_clear,road_single_other,viol_pedestrian_prot,road_wet,road_intersection,viol_other,weather_rain
밀양시,2020년,5월,상남면,2,45.07,1,0.8633,38,High-Risk Warning,weather_clear,road_single_other,법규위반_교차로운행방법위반_건수,viol_centerline,법규위반_직진우회전진행방해_건수,road_dry,viol_unsafe_driving,viol_pedestrian_prot,road_wet,weather_cloudy
밀양시,2020년,5월,상동면,2,28.62,0,0.3303,19,Low-Risk,road_single_other,법규위반_교차로운행방법위반_건수,viol_unsafe_distance,viol_centerline,법규위반_직진우회전진행방해_건수,road_dry,viol_unsafe_driving,weather_clear,viol_pedestrian_prot,road_wet
밀양시,2020년,5월,청도면,2,15.58,0,0.0337,8,Low-Risk,법규위반_교차로운행방법위반_건수,viol_unsafe_distance,viol_centerline,법규위반_직진우회전진행방해_건수,viol_lane,road_dry,viol_unsafe_driving,weather_clear,road_wet,viol_pedestrian_prot
밀양시,2020년,5월,하남읍,2,45.76,1,0.7709,35,High-Risk Warning,weather_clear,campgrounds,sports_facilities,법규위반_교차로운행방법위반_건수,viol_unsafe_distance,road_dry,viol_unsafe_driving,road_wet,viol_pedestrian_prot,weather_cloudy
밀양시,2020년,6월,가곡동,2,31.33,0,0.2667,31,Low-Risk,weather_cloudy,sports_facilities,viol_unsafe_distance,road_near_intersection,viol_centerline,road_dry,viol_unsafe_driving,weather_clear,viol_pedestrian_prot,road_wet
밀양시,2020년,6월,내이동,2,82.36,1,0.9934,72,High-Risk Warning,road_dry,viol_unsafe_driving,viol_other,weather_clear,road_intersection,road_wet,viol_pedestrian_prot,viol_signal,weather_cloudy,road_single_other
밀양시,2020년,6월,내일동,2,28.62,0,0.3303,20,Low-Risk,road_single_other,법규위반_교차로운행방법위반_건수,viol_unsafe_distance,viol_centerline,법규위반_직진우회전진행방해_건수,road_dry,viol_unsafe_driving,weather_clear,viol_pedestrian_prot,road_wet
밀양시,2020년,6월,단장면,2,22.27,0,0.0525,8,Low-Risk,road_wet,viol_other,weather_rain,법규위반_교차로운행방법위반_건수,viol_unsafe_distance,road_dry,weather_clear,viol_unsafe_driving,viol_pedestrian_prot,road_intersection
밀양시,2020년,6월,무안면,2,45.75,1,0.8852,49,High-Risk Warning,weather_clear,법규위반_교차로운행방법위반_건수,viol_unsafe_distance,viol_centerline,법규위반_직진우회전진행방해_건수,road_dry,viol_unsafe_driving,road_wet,viol_pedestrian_prot,weather_cloudy
밀양시,2020년,6월,부북면,2,14.49,0,0.0294,19,Low-Risk,법규위반_교차로운행방법위반_건수,viol_unsafe_distance,campgrounds,viol_centerline,법규위반_직진우회전진행방해_건수,road_dry,viol_unsafe_driving,weather_clear,road_wet,viol_pedestrian_prot
밀양시,2020년,6월,산내면,2,15.89,0,0.0305,28,Low-Risk,campgrounds,법규위반_교차로운행방법위반_건수,viol_unsafe_distance,viol_centerline,법규위반_직진우회전진행방해_건수,road_dry,viol_unsafe_driving,weather_clear,road_wet,viol_pedestrian_prot
밀양시,2020년,6월,산외면,2,42.84,1,0.8031,55,High-Risk Warning,road_wet,weather_cloudy,weather_rain,sports_facilities,road_single_other,road_dry,weather_clear,viol_unsafe_driving,viol_pedestrian_prot,road_intersection
밀양시,2020년,6월,삼랑진읍,2,106.37,1,0.9968,131,High-Risk Warning,road_dry,road_wet,road_intersection,viol_unsafe_driving,weather_clear,viol_pedestrian_prot,weather_cloudy,viol_other,road_single_other,sports_facilities
밀양시,2020년,6월,삼문동,2,156.85,1,0.9989,155,High-Risk Warning,road_dry,viol_unsafe_driving,road_wet,road_intersection,weather_clear,viol_pedestrian_prot,viol_other,도로형태_교차로횡단보도내_건수,road_near_intersection,campgrounds
밀양시,2020년,6월,상남면,2,29.29,0,0.4479,16,Low-Risk,viol_signal,법규위반_교차로운행방법위반_건수,road_near_intersection,viol_unsafe_distance,viol_centerline,road_dry,viol_unsafe_driving,weather_clear,road_wet,viol_pedestrian_prot
밀양시,2020년,6월,청도면,2,15.58,0,0.0493,17,Low-Risk,법규위반_교차로운행방법위반_건수,viol_unsafe_distance,viol_centerline,법규위반_직진우회전진행방해_건수,viol_lane,road_dry,viol_unsafe_driving,weather_clear,road_wet,viol_pedestrian_prot
밀양시,2020년,6월,초동면,2,15.58,0,0.0493,19,Low-Risk,법규위반_교차로운행방법위반_건수,viol_unsafe_distance,viol_centerline,법규위반_직진우회전진행방해_건수,viol_lane,road_dry,viol_unsafe_driving,weather_clear,road_wet,viol_pedestrian_prot
밀양시,2020년,6월,하남읍,2,113.5,1,0.9874,122,High-Risk Warning,road_dry,viol_unsafe_driving,weather_clear,road_single_other,campgrounds,road_wet,viol_pedestrian_prot,weather_cloudy,road_intersection,viol_other
밀양시,2020년,7월,가곡동,3,19.31,0,0.0995,8,Low-Risk,road_wet,weather_rain,sports_facilities,viol_unsafe_distance,campgrounds,road_dry,weather_clear,viol_unsafe_driving,viol_pedestrian_prot,road_intersection
밀양시,2020년,7월,교동,3,20.06,0,0.1742,16,Low-Risk,road_wet,weather_rain,viol_signal,법규위반_교차로운행방법위반_건수,sports_facilities,road_dry,weather_clear,viol_unsafe_driving,viol_pedestrian_prot,weather_cloudy
밀양시,2020년,7월,내이동,3,40.49,1,0.8965,35,High-Risk Warning,road_wet,weather_cloudy,weather_rain,road_single_other,법규위반_교차로운행방법위반_건수,road_dry,weather_clear,viol_unsafe_driving,viol_pedestrian_prot,road_intersection
밀양시,2020년,7월,내일동,3,25.44,0,0.2474,22,Low-Risk,road_wet,weather_rain,road_single_other,법규위반_교차로운행방법위반_건수,viol_signal,road_dry,viol_unsafe_driving,weather_clear,viol_pedestrian_prot,road_intersection
밀양시,2020년,7월,단장면,3,15.35,0,0.0207,8,Low-Risk,법규위반_교차로운행방법위반_건수,viol_unsafe_distance,viol_centerline,법규위반_직진우회전진행방해_건수,viol_lane,road_dry,viol_unsafe_driving,weather_clear,road_wet,viol_pedestrian_prot
밀양시,2020년,7월,무안면,3,28.93,0,0.2701,37,Low-Risk,법규위반_교차로운행방법위반_건수,viol_unsafe_distance,viol_centerline,법규위반_직진우회전진행방해_건수,viol_lane,road_dry,viol_unsafe_driving,weather_clear,road_wet,viol_pedestrian_prot
밀양시,2020년,7월,부북면,3,45.75,1,0.8852,56,High-Risk Warning,weather_clear,법규위반_교차로운행방법위반_건수,viol_unsafe_distance,viol_centerline,법규위반_직진우회전진행방해_건수,road_dry,viol_unsafe_driving,road_wet,viol_pedestrian_prot,weather_cloudy
밀양시,2020년,7월,산내면,3,18.55,0,0.1432,19,Low-Risk,road_wet,weather_cloudy,campgrounds,road_near_intersection,viol_unsafe_distance,road_dry,weather_clear,viol_unsafe_driving,viol_pedestrian_prot,road_intersection
밀양시,2020년,7월,산외면,3,14.49,0,0.0517,28,Low-Risk,sports_facilities,campgrounds,법규위반_교차로운행방법위반_건수,viol_unsafe_distance,viol_centerline,road_dry,viol_unsafe_driving,weather_clear,road_wet,viol_pedestrian_prot
밀양시,2020년,7월,삼랑진읍,3,25.8,0,0.3355,68,Low-Risk,road_wet,weather_rain,road_near_intersection,viol_signal,법규위반_교차로운행방법위반_건수,road_dry,viol_unsafe_driving,weather_clear,viol_pedestrian_prot,road_intersection
밀양시,2020년,7월,삼문동,3,62.81,1,0.981,44,High-Risk Warning,road_wet,weather_clear,viol_unsafe_driving,weather_cloudy,weather_rain,road_dry,viol_pedestrian_prot,road_intersection,viol_other,road_near_intersection
밀양시,2020년,7월,상남면,3,65.55,1,0.9931,60,High-Risk Warning,road_dry,road_wet,weather_clear,weather_rain,road_single_other,viol_unsafe_driving,viol_pedestrian_prot,road_intersection,weather_cloudy,viol_unsafe_distance
밀양시,2020년,7월,상동면,3,37.52,1,0.6581,46,High-Risk Warning,road_wet,weather_rain,road_single_other,viol_signal,viol_unsafe_distance,road_dry,viol_unsafe_driving,weather_clear,viol_pedestrian_prot,road_intersection
밀양시,2020년,7월,하남읍,3,19.53,0,0.126,8,Low-Risk,road_wet,weather_rain,sports_facilities,campgrounds,viol_unsafe_distance,road_dry,weather_clear,viol_unsafe_driving,viol_pedestrian_prot,road_intersection
밀양시,2020년,8월,가곡동,3,24.7,0,0.2034,28,Low-Risk,viol_pedestrian_prot,road_wet,weather_rain,법규위반_교차로운행방법위반_건수,sports_facilities,road_dry,weather_clear,viol_unsafe_driving,road_single_other,weather_cloudy
밀양시,2020년,8월,교동,3,38.74,0,0.4137,24,Low-Risk,weather_cloudy,sports_facilities,법규위반_교차로운행방법위반_건수,viol_signal,viol_unsafe_distance,road_dry,weather_clear,viol_unsafe_driving,viol_pedestrian_prot,road_wet
밀양시,2020년,8월,내이동,3,113.22,1,0.9952,86,High-Risk Warning,road_dry,viol_unsafe_driving,weather_clear,viol_other,viol_signal,road_wet,viol_pedestrian_prot,road_intersection,weather_cloudy,road_single_other
밀양시,2020년,8월,내일동,3,29.29,0,0.4479,27,Low-Risk,viol_signal,법규위반_교차로운행방법위반_건수,road_near_intersection,viol_unsafe_distance,viol_centerline,road_dry,viol_unsafe_driving,weather_clear,road_wet,viol_pedestrian_prot
밀양시,2020년,8월,단장면,3,45.76,1,0.6248,22,High-Risk Warning,weather_clear,road_single_other,법규위반_교차로운행방법위반_건수,viol_unsafe_distance,viol_centerline,road_dry,viol_unsafe_driving,viol_pedestrian_prot,road_wet,weather_cloudy
밀양시,2020년,8월,무안면,3,15.58,0,0.0493,14,Low-Risk,법규위반_교차로운행방법위반_건수,viol_unsafe_distance,viol_centerline,법규위반_직진우회전진행방해_건수,viol_lane,road_dry,viol_unsafe_driving,weather_clear,road_wet,viol_pedestrian_prot
밀양시,2020년,8월,부북면,3,53.81,1,0.9288,53,High-Risk Warning,road_wet,weather_clear,weather_rain,road_single_other,법규위반_교차로운행방법위반_건수,road_dry,viol_unsafe_driving,viol_pedestrian_prot,road_intersection,weather_cloudy
밀양시,2020년,8월,산외면,3,26.24,0,0.1766,16,Low-Risk,road_wet,weather_rain,sports_facilities,campgrounds,법규위반_교차로운행방법위반_건수,road_dry,viol_unsafe_driving,weather_clear,viol_pedestrian_prot,road_intersection
밀양시,2020년,8월,삼랑진읍,3,80.0,1,0.9923,83,High-Risk Warning,viol_pedestrian_prot,weather_clear,road_wet,weather_cloudy,road_single_other,road_dry,viol_unsafe_driving,road_intersection,sports_facilities,도로형태_교차로횡단보도내_건수
밀양시,2020년,8월,삼문동,3,165.03,1,0.9995,158,High-Risk Warning,road_dry,viol_unsafe_driving,viol_pedestrian_prot,road_wet,weather_cloudy,법규위반_교차로운행방법위반_건수,viol_other,road_near_intersection,도로형태_교차로횡단보도내_건수,campgrounds
밀양시,2020년,8월,상남면,3,111.6,1,0.9971,99,High-Risk Warning,road_dry,viol_unsafe_driving,road_wet,weather_clear,weather_rain,viol_pedestrian_prot,road_intersection,weather_cloudy,viol_other,sports_facilities
밀양시,2020년,8월,용평동,3,19.59,0,0.2365,19,Low-Risk,road_wet,weather_rain,road_near_intersection,법규위반_교차로운행방법위반_건수,viol_signal,road_dry,weather_clear,viol_unsafe_driving,viol_pedestrian_prot,road_intersection
밀양시,2020년,8월,초동면,3,15.58,0,0.0493,19,Low-Risk,법규위반_교차로운행방법위반_건수,viol_unsafe_distance,viol_centerline,법규위반_직진우회전진행방해_건수,viol_lane,road_dry,viol_unsafe_driving,weather_clear,road_wet,viol_pedestrian_prot
밀양시,2020년,8월,하남읍,3,15.89,0,0.0493,8,Low-Risk,campgrounds,sports_facilities,법규위반_교차로운행방법위반_건수,viol_unsafe_distance,viol_centerline,road_dry,viol_unsafe_driving,weather_clear,road_wet,viol_pedestrian_prot
밀양시,2020년,9월,가곡동,3,38.63,0,0.358,30,Low-Risk,weather_cloudy,road_single_other,sports_facilities,법규위반_교차로운행방법위반_건수,viol_unsafe_distance,road_dry,weather_clear,viol_unsafe_driving,viol_pedestrian_prot,road_wet
밀양시,2020년,9월,교동,3,47.12,0,0.4024,48,Low-Risk,viol_pedestrian_prot,road_single_other,법규위반_교차로운행방법위반_건수,viol_unsafe_distance,viol_centerline,road_dry,viol_unsafe_driving,weather_clear,weather_cloudy,road_wet
밀양시,2020년,9월,내이동,3,147.41,1,0.9981,125,High-Risk Warning,road_dry,viol_unsafe_driving,road_wet,weather_clear,road_intersection,viol_pedestrian_prot,viol_signal,weather_cloudy,도로형태_교차로횡단보도내_건수,viol_other
밀양시,2020년,9월,내일동,3,35.51,1,0.5342,22,High-Risk Warning,viol_pedestrian_prot,법규위반_교차로운행방법위반_건수,viol_unsafe_distance,viol_centerline,법규위반_직진우회전진행방해_건수,road_dry,viol_unsafe_driving,weather_clear,weather_cloudy,road_single_other
밀양시,2020년,9월,무안면,3,80.9,1,0.9842,74,High-Risk Warning,road_dry,viol_unsafe_driving,weather_clear,road_single_other,법규위반_교차로운행방법위반_건수,road_wet,viol_pedestrian_prot,weather_cloudy,road_intersection,viol_other
밀양시,2020년,9월,부북면,3,15.58,0,0.0493,28,Low-Risk,법규위반_교차로운행방법위반_건수,viol_unsafe_distance,viol_centerline,법규위반_직진우회전진행방해_건수,viol_lane,road_dry,viol_unsafe_driving,weather_clear,road_wet,viol_pedestrian_prot
밀양시,2020년,9월,산내면,3,14.79,0,0.0137,19,Low-Risk,campgrounds,법규위반_교차로운행방법위반_건수,viol_unsafe_distance,viol_centerline,법규위반_직진우회전진행방해_건수,road_dry,viol_unsafe_driving,weather_clear,road_wet,viol_pedestrian_prot
밀양시,2020년,9월,산외면,3,29.37,0,0.3091,27,Low-Risk,campgrounds,sports_facilities,법규위반_교차로운행방법위반_건수,viol_unsafe_distance,viol_centerline,road_dry,weather_clear,viol_unsafe_driving,road_wet,viol_pedestrian_prot
밀양시,2020년,9월,삼랑진읍,3,45.31,1,0.7652,30,High-Risk Warning,weather_clear,road_single_other,법규위반_교차로운행방법위반_건수,viol_unsafe_distance,viol_centerline,road_dry,viol_unsafe_driving,viol_pedestrian_prot,road_wet,weather_cloudy
밀양시,2020년,9월,삼문동,3,181.35,1,0.9996,157,High-Risk Warning,road_dry,viol_unsafe_driving,viol_pedestrian_prot,road_wet,weather_cloudy,법규위반_교차로운행방법위반_건수,viol_other,viol_signal,road_near_intersection,campgrounds
밀양시,2020년,9월,상남면,3,96.61,1,0.9813,129,High-Risk Warning,road_dry,viol_unsafe_driving,weather_clear,weather_rain,road_single_other,road_wet,viol_pedestrian_prot,weather_cloudy,road_intersection,viol_other
밀양시,2020년,9월,상동면,3,14.49,0,0.0431,8,Low-Risk,법규위반_교차로운행방법위반_건수,viol_unsafe_distance,campgrounds,viol_centerline,법규위반_직진우회전진행방해_건수,road_dry,viol_unsafe_driving,weather_clear,road_wet,viol_pedestrian_prot
밀양시,2020년,9월,용평동,3,29.41,0,0.3646,33,Low-Risk,road_near_intersection,법규위반_교차로운행방법위반_건수,viol_signal,viol_unsafe_distance,viol_centerline,road_dry,weather_clear,viol_unsafe_driving,road_wet,viol_pedestrian_prot
밀양시,2020년,9월,하남읍,3,29.37,0,0.2719,19,Low-Risk,road_single_other,campgrounds,sports_facilities,법규위반_교차로운행방법위반_건수,viol_unsafe_distance,road_dry,weather_clear,viol_unsafe_driving,viol_pedestrian_prot,road_wet
밀양시,2021년,10월,가곡동,4,28.84,0,0.2027,19,Low-Risk,법규위반_교차로운행방법위반_건수,viol_unsafe_distance,viol_centerline,법규위반_직진우회전진행방해_건수,viol_lane,road_dry,weather_clear,viol_unsafe_driving,road_wet,viol_pedestrian_prot
밀양시,2021년,10월,내이동,4,130.03,1,0.9929,160,High-Risk Warning,road_dry,viol_unsafe_driving,weather_clear,viol_other,weather_cloudy,road_wet,viol_pedestrian_prot,road_intersection,법규위반_교차로운행방법위반_건수,road_single_other
밀양시,2021년,10월,단장면,4,28.83,0,0.1613,22,Low-Risk,법규위반_교차로운행방법위반_건수,viol_unsafe_distance,viol_centerline,법규위반_직진우회전진행방해_건수,viol_lane,road_dry,weather_clear,viol_unsafe_driving,road_wet,viol_pedestrian_prot
밀양시,2021년,10월,부북면,4,60.38,1,0.9906,55,High-Risk Warning,road_dry,weather_clear,weather_cloudy,법규위반_교차로운행방법위반_건수,viol_signal,viol_unsafe_driving,viol_pedestrian_prot,road_wet,road_single_other,road_intersection
밀양시,2021년,10월,산외면,4,29.37,0,0.3091,38,Low-Risk,campgrounds,sports_facilities,법규위반_교차로운행방법위반_건수,viol_unsafe_distance,viol_centerline,road_dry,weather_clear,viol_unsafe_driving,road_wet,viol_pedestrian_prot
밀양시,2021년,10월,삼랑진읍,4,43.5,1,0.931,66,High-Risk Warning,weather_clear,road_intersection,road_near_intersection,법규위반_교차로운행방법위반_건수,viol_centerline,road_dry,viol_unsafe_driving,road_wet,viol_pedestrian_prot,viol_signal
밀양시,2021년,10월,삼문동,4,80.8,1,0.9834,81,High-Risk Warning,road_dry,viol_unsafe_driving,weather_clear,viol_signal,road_single_other,road_wet,viol_pedestrian_prot,weather_cloudy,road_intersection,viol_other
밀양시,2021년,10월,상남면,4,45.69,1,0.9129,46,High-Risk Warning,weather_clear,road_intersection,viol_signal,법규위반_교차로운행방법위반_건수,road_near_intersection,road_dry,viol_unsafe_driving,road_wet,viol_pedestrian_prot,weather_cloudy
밀양시,2021년,10월,상동면,4,28.62,0,0.3303,16,Low-Risk,road_single_other,법규위반_교차로운행방법위반_건수,viol_unsafe_distance,viol_centerline,법규위반_직진우회전진행방해_건수,road_dry,viol_unsafe_driving,weather_clear,viol_pedestrian_prot,road_wet
밀양시,2021년,10월,청도면,4,15.58,0,0.0337,8,Low-Risk,법규위반_교차로운행방법위반_건수,viol_unsafe_distance,viol_centerline,법규위반_직진우회전진행방해_건수,viol_lane,road_dry,viol_unsafe_driving,weather_clear,road_wet,viol_pedestrian_prot
밀양시,2021년,10월,하남읍,4,58.36,1,0.9813,66,High-Risk Warning,road_dry,weather_clear,campgrounds,sports_facilities,법규위반_교차로운행방법위반_건수,viol_unsafe_driving,road_wet,viol_pedestrian_prot,weather_cloudy,road_intersection
밀양시,2021년,11월,가곡동,4,49.35,1,0.8602,35,High-Risk Warning,weather_clear,viol_other,road_single_other,법규위반_교차로운행방법위반_건수,viol_unsafe_distance,road_dry,viol_unsafe_driving,viol_pedestrian_prot,road_wet,weather_cloudy
밀양시,2021년,11월,내이동,4,79.18,1,0.9959,95,High-Risk Warning,road_dry,weather_clear,weather_cloudy,road_intersection,road_single_other,road_wet,viol_unsafe_driving,viol_pedestrian_prot,viol_signal,sports_facilities
밀양시,2021년,11월,단장면,4,45.33,1,0.6634,46,High-Risk Warning,weather_clear,road_single_other,법규위반_교차로운행방법위반_건수,viol_unsafe_distance,viol_centerline,road_dry,viol_unsafe_driving,viol_pedestrian_prot,road_wet,weather_cloudy
밀양시,2021년,11월,무안면,4,32.89,0,0.3029,58,Low-Risk,viol_other,road_single_other,법규위반_교차로운행방법위반_건수,viol_unsafe_distance,viol_centerline,road_dry,viol_unsafe_driving,weather_clear,viol_pedestrian_prot,road_wet
밀양시,2021년,11월,부북면,4,28.78,0,0.4999,38,Low-Risk,viol_signal,법규위반_교차로운행방법위반_건수,road_near_intersection,viol_unsafe_distance,campgrounds,road_dry,viol_unsafe_driving,weather_clear,road_wet,viol_pedestrian_prot
밀양시,2021년,11월,산외면,4,29.37,0,0.3091,38,Low-Risk,campgrounds,sports_facilities,법규위반_교차로운행방법위반_건수,viol_unsafe_distance,viol_centerline,road_dry,weather_clear,viol_unsafe_driving,road_wet,viol_pedestrian_prot
밀양시,2021년,11월,삼랑진읍,4,45.6,1,0.9313,46,High-Risk Warning,weather_clear,viol_signal,법규위반_교차로운행방법위반_건수,road_near_intersection,viol_unsafe_distance,road_dry,viol_unsafe_driving,road_wet,viol_pedestrian_prot,weather_cloudy
밀양시,2021년,11월,삼문동,4,110.31,1,0.9975,103,High-Risk Warning,road_dry,viol_pedestrian_prot,weather_cloudy,road_single_other,viol_unsafe_driving,road_wet,법규위반_교차로운행방법위반_건수,road_intersection,viol_other,weather_rain
밀양시,2021년,11월,상남면,4,58.21,1,0.9897,62,High-Risk Warning,road_dry,weather_clear,road_single_other,viol_signal,법규위반_교차로운행방법위반_건수,viol_unsafe_driving,viol_pedestrian_prot,road_wet,weather_cloudy,road_intersection
밀양시,2021년,11월,상동면,4,28.25,0,0.2701,27,Low-Risk,법규위반_교차로운행방법위반_건수,viol_centerline,법규위반_직진우회전진행방해_건수,viol_lane,노면상태_서리결빙_건수,road_dry,viol_unsafe_driving,weather_clear,road_wet,viol_pedestrian_prot
밀양시,2021년,11월,초동면,4,14.85,0,0.047,19,Low-Risk,road_near_intersection,법규위반_교차로운행방법위반_건수,viol_unsafe_distance,campgrounds,viol_centerline,road_dry,viol_unsafe_driving,weather_clear,road_wet,viol_pedestrian_prot
밀양시,2021년,11월,하남읍,4,57.33,1,0.9503,66,High-Risk Warning,road_wet,road_intersection,weather_cloudy,weather_rain,sports_facilities,road_dry,weather_clear,viol_unsafe_driving,viol_pedestrian_prot,viol_other
밀양시,2021년,12월,가곡동,4,73.14,1,0.9878,89,High-Risk Warning,road_dry,weather_clear,viol_unsafe_driving,weather_cloudy,road_intersection,viol_pedestrian_prot,road_wet,법규위반_교차로운행방법위반_건수,viol_other,weather_rain
밀양시,2021년,12월,교동,4,45.59,1,0.6359,67,High-Risk Warning,weather_clear,road_single_other,road_near_intersection,법규위반_교차로운행방법위반_건수,viol_signal,road_dry,viol_unsafe_driving,viol_pedestrian_prot,road_wet,weather_cloudy
밀양시,2021년,12월,내이동,4,110.52,1,0.9934,106,High-Risk Warning,road_dry,viol_unsafe_driving,weather_clear,weather_cloudy,road_single_other,road_wet,viol_pedestrian_prot,road_intersection,법규위반_교차로운행방법위반_건수,viol_other
밀양시,2021년,12월,산외면,4,28.56,0,0.3091,38,Low-Risk,campgrounds,sports_facilities,법규위반_교차로운행방법위반_건수,viol_centerline,법규위반_직진우회전진행방해_건수,road_dry,viol_unsafe_driving,weather_clear,road_wet,viol_pedestrian_prot
밀양시,2021년,12월,삼랑진읍,4,89.81,1,0.9971,70,High-Risk Warning,road_dry,road_wet,weather_clear,road_intersection,viol_unsafe_driving,viol_pedestrian_prot,sports_facilities,road_single_other,weather_rain,viol_signal
밀양시,2021년,12월,삼문동,4,52.11,1,0.9331,56,High-Risk Warning,viol_pedestrian_prot,weather_clear,법규위반_교차로운행방법위반_건수,viol_unsafe_distance,viol_centerline,road_dry,viol_unsafe_driving,weather_cloudy,road_single_other,road_wet
밀양시,2021년,12월,상남면,4,29.08,0,0.497,27,Low-Risk,viol_signal,road_near_intersection,법규위반_교차로운행방법위반_건수,viol_unsafe_distance,campgrounds,road_dry,viol_unsafe_driving,weather_clear,road_wet,viol_pedestrian_prot
밀양시,2021년,12월,하남읍,4,77.54,1,0.993,85,High-Risk Warning,road_dry,weather_clear,viol_unsafe_driving,weather_cloudy,road_single_other,viol_pedestrian_prot,road_wet,road_intersection,viol_other,weather_rain
밀양시,2021년,1월,교동,1,42.84,1,0.6114,24,High-Risk Warning,weather_clear,법규위반_교차로운행방법위반_건수,road_near_intersection,viol_unsafe_distance,viol_centerline,road_dry,viol_unsafe_driving,road_wet,viol_pedestrian_prot,weather_cloudy
밀양시,2021년,1월,내이동,1,134.64,1,0.9972,118,High-Risk Warning,road_dry,viol_unsafe_driving,road_wet,weather_clear,road_intersection,viol_pedestrian_prot,viol_signal,weather_cloudy,도로형태_교차로횡단보도내_건수,viol_other
밀양시,2021년,1월,내일동,1,29.29,0,0.4479,38,Low-Risk,viol_signal,법규위반_교차로운행방법위반_건수,road_near_intersection,viol_unsafe_distance,viol_centerline,road_dry,viol_unsafe_driving,weather_clear,road_wet,viol_pedestrian_prot
밀양시,2021년,1월,단장면,1,15.35,0,0.0305,28,Low-Risk,법규위반_교차로운행방법위반_건수,viol_unsafe_distance,viol_centerline,법규위반_직진우회전진행방해_건수,viol_lane,road_dry,viol_unsafe_driving,weather_clear,road_wet,viol_pedestrian_prot
밀양시,2021년,1월,무안면,1,15.58,0,0.0493,19,Low-Risk,법규위반_교차로운행방법위반_건수,viol_unsafe_distance,viol_centerline,법규위반_직진우회전진행방해_건수,viol_lane,road_dry,viol_unsafe_driving,weather_clear,road_wet,viol_pedestrian_prot
밀양시,2021년,1월,부북면,1,28.62,0,0.3303,22,Low-Risk,road_single_other,법규위반_교차로운행방법위반_건수,viol_unsafe_distance,viol_centerline,법규위반_직진우회전진행방해_건수,road_dry,viol_unsafe_driving,weather_clear,viol_pedestrian_prot,road_wet
밀양시,2021년,1월,산외면,1,14.49,0,0.0517,8,Low-Risk,sports_facilities,campgrounds,법규위반_교차로운행방법위반_건수,viol_unsafe_distance,viol_centerline,road_dry,viol_unsafe_driving,weather_clear,road_wet,viol_pedestrian_prot
밀양시,2021년,1월,삼랑진읍,1,29.06,0,0.2719,22,Low-Risk,road_single_other,법규위반_교차로운행방법위반_건수,viol_unsafe_distance,viol_centerline,법규위반_직진우회전진행방해_건수,road_dry,weather_clear,viol_unsafe_driving,viol_pedestrian_prot,road_wet
밀양시,2021년,1월,삼문동,1,100.93,1,0.9977,87,High-Risk Warning,road_dry,viol_pedestrian_prot,road_single_other,viol_unsafe_driving,weather_clear,road_wet,weather_cloudy,viol_other,weather_rain,도로형태_교차로횡단보도내_건수
밀양시,2021년,1월,상남면,1,57.98,1,0.9893,55,High-Risk Warning,road_dry,weather_clear,viol_signal,road_single_other,법규위반_교차로운행방법위반_건수,viol_unsafe_driving,viol_pedestrian_prot,road_wet,weather_cloudy,road_intersection
밀양시,2021년,1월,상동면,1,15.58,0,0.0493,28,Low-Risk,법규위반_교차로운행방법위반_건수,viol_unsafe_distance,viol_centerline,법규위반_직진우회전진행방해_건수,viol_lane,road_dry,viol_unsafe_driving,weather_clear,road_wet,viol_pedestrian_prot
밀양시,2021년,1월,청도면,1,15.58,0,0.0493,14,Low-Risk,법규위반_교차로운행방법위반_건수,viol_unsafe_distance,viol_centerline,법규위반_직진우회전진행방해_건수,viol_lane,road_dry,viol_unsafe_driving,weather_clear,road_wet,viol_pedestrian_prot
밀양시,2021년,1월,하남읍,1,15.89,0,0.0493,7,Low-Risk,campgrounds,sports_facilities,법규위반_교차로운행방법위반_건수,viol_unsafe_distance,viol_centerline,road_dry,viol_unsafe_driving,weather_clear,road_wet,viol_pedestrian_prot
밀양시,2021년,2월,가곡동,1,15.36,0,0.0344,8,Low-Risk,법규위반_교차로운행방법위반_건수,viol_unsafe_distance,viol_centerline,법규위반_직진우회전진행방해_건수,viol_lane,road_dry,viol_unsafe_driving,weather_clear,road_wet,viol_pedestrian_prot
밀양시,2021년,2월,교동,1,24.0,0,0.1817,27,Low-Risk,road_wet,weather_rain,sports_facilities,viol_unsafe_distance,campgrounds,road_dry,viol_unsafe_driving,weather_clear,viol_pedestrian_prot,road_intersection
밀양시,2021년,2월,내이동,1,27.97,0,0.3131,27,Low-Risk,법규위반_교차로운행방법위반_건수,viol_unsafe_distance,campgrounds,viol_centerline,법규위반_직진우회전진행방해_건수,road_dry,weather_clear,viol_unsafe_driving,road_wet,viol_pedestrian_prot
밀양시,2021년,2월,내일동,1,15.58,0,0.0493,28,Low-Risk,법규위반_교차로운행방법위반_건수,viol_unsafe_distance,viol_centerline,법규위반_직진우회전진행방해_건수,viol_lane,road_dry,viol_unsafe_driving,weather_clear,road_wet,viol_pedestrian_prot
밀양시,2021년,2월,단장면,1,15.35,0,0.0402,19,Low-Risk,road_single_other,법규위반_교차로운행방법위반_건수,viol_unsafe_distance,viol_centerline,법규위반_직진우회전진행방해_건수,road_dry,viol_unsafe_driving,weather_clear,viol_pedestrian_prot,road_wet
밀양시,2021년,2월,무안면,1,100.33,1,0.9967,161,High-Risk Warning,road_dry,viol_pedestrian_prot,road_single_other,viol_unsafe_driving,weather_clear,road_wet,weather_cloudy,road_intersection,viol_other,weather_rain
밀양시,2021년,2월,산내면,1,15.89,0,0.0305,8,Low-Risk,campgrounds,법규위반_교차로운행방법위반_건수,viol_unsafe_distance,viol_centerline,법규위반_직진우회전진행방해_건수,road_dry,viol_unsafe_driving,weather_clear,road_wet,viol_pedestrian_prot
밀양시,2021년,2월,삼랑진읍,1,29.06,0,0.2701,27,Low-Risk,법규위반_교차로운행방법위반_건수,viol_unsafe_distance,viol_centerline,법규위반_직진우회전진행방해_건수,viol_lane,road_dry,weather_clear,viol_unsafe_driving,road_wet,viol_pedestrian_prot
밀양시,2021년,2월,삼문동,1,61.76,1,0.9924,47,High-Risk Warning,road_dry,weather_clear,viol_signal,road_near_intersection,법규위반_교차로운행방법위반_건수,viol_unsafe_driving,road_wet,viol_pedestrian_prot,road_intersection,weather_cloudy
밀양시,2021년,2월,상남면,1,63.84,1,0.9933,56,High-Risk Warning,road_dry,weather_clear,road_single_other,viol_signal,법규위반_교차로운행방법위반_건수,viol_unsafe_driving,viol_pedestrian_prot,road_wet,weather_cloudy,road_intersection
밀양시,2021년,2월,상동면,1,15.58,0,0.0493,8,Low-Risk,법규위반_교차로운행방법위반_건수,viol_unsafe_distance,viol_centerline,법규위반_직진우회전진행방해_건수,viol_lane,road_dry,viol_unsafe_driving,weather_clear,road_wet,viol_pedestrian_prot
밀양시,2021년,2월,하남읍,1,103.69,1,0.9933,101,High-Risk Warning,road_dry,viol_unsafe_driving,viol_other,weather_cloudy,weather_clear,viol_pedestrian_prot,road_wet,법규위반_교차로운행방법위반_건수,road_intersection,weather_rain
밀양시,2021년,3월,가곡동,1,30.74,0,0.3584,27,Low-Risk,weather_cloudy,sports_facilities,viol_unsafe_distance,road_near_intersection,campgrounds,road_dry,viol_unsafe_driving,weather_clear,viol_pedestrian_prot,road_wet
밀양시,2021년,3월,교동,1,38.04,0,0.2314,24,Low-Risk,weather_cloudy,sports_facilities,법규위반_교차로운행방법위반_건수,road_near_intersection,viol_unsafe_distance,road_dry,weather_clear,viol_unsafe_driving,viol_pedestrian_prot,road_wet
밀양시,2021년,3월,내이동,1,88.22,1,0.9951,69,High-Risk Warning,road_dry,viol_unsafe_driving,weather_clear,viol_other,weather_cloudy,road_wet,viol_pedestrian_prot,법규위반_교차로운행방법위반_건수,sports_facilities,weather_rain
밀양시,2021년,3월,내일동,1,14.79,0,0.0224,19,Low-Risk,법규위반_교차로운행방법위반_건수,viol_unsafe_distance,campgrounds,viol_centerline,법규위반_직진우회전진행방해_건수,road_dry,viol_unsafe_driving,weather_clear,road_wet,viol_pedestrian_prot
밀양시,2021년,3월,단장면,1,15.35,0,0.0305,8,Low-Risk,법규위반_교차로운행방법위반_건수,viol_unsafe_distance,viol_centerline,법규위반_직진우회전진행방해_건수,viol_lane,road_dry,viol_unsafe_driving,weather_clear,road_wet,viol_pedestrian_prot
밀양시,2021년,3월,무안면,1,14.49,0,0.0431,8,Low-Risk,법규위반_교차로운행방법위반_건수,viol_unsafe_distance,campgrounds,viol_centerline,법규위반_직진우회전진행방해_건수,road_dry,viol_unsafe_driving,weather_clear,road_wet,viol_pedestrian_prot
밀양시,2021년,3월,부북면,1,29.29,0,0.4479,47,Low-Risk,viol_signal,법규위반_교차로운행방법위반_건수,road_near_intersection,viol_unsafe_distance,viol_centerline,road_dry,viol_unsafe_driving,weather_clear,road_wet,viol_pedestrian_prot
밀양시,2021년,3월,산외면,1,23.8,0,0.0731,11,Low-Risk,viol_pedestrian_prot,campgrounds,sports_facilities,법규위반_교차로운행방법위반_건수,viol_unsafe_distance,road_dry,viol_unsafe_driving,weather_clear,weather_cloudy,road_single_other
밀양시,2021년,3월,삼랑진읍,1,74.66,1,0.9978,94,High-Risk Warning,road_dry,weather_clear,road_wet,viol_unsafe_driving,viol_other,viol_pedestrian_prot,road_intersection,sports_facilities,weather_rain,campgrounds
밀양시,2021년,3월,삼문동,1,166.87,1,0.9995,171,High-Risk Warning,road_dry,viol_pedestrian_prot,road_wet,weather_cloudy,viol_unsafe_driving,viol_signal,도로형태_교차로횡단보도내_건수,viol_other,road_near_intersection,campgrounds
밀양시,2021년,3월,상남면,1,29.06,0,0.2719,16,Low-Risk,road_single_other,법규위반_교차로운행방법위반_건수,viol_unsafe_distance,viol_centerline,법규위반_직진우회전진행방해_건수,road_dry,weather_clear,viol_unsafe_driving,viol_pedestrian_prot,road_wet
밀양시,2021년,3월,상동면,1,28.62,0,0.3303,33,Low-Risk,road_single_other,법규위반_교차로운행방법위반_건수,viol_unsafe_distance,viol_centerline,법규위반_직진우회전진행방해_건수,road_dry,viol_unsafe_driving,weather_clear,viol_pedestrian_prot,road_wet
밀양시,2021년,3월,용평동,1,14.49,0,0.0431,8,Low-Risk,법규위반_교차로운행방법위반_건수,viol_unsafe_distance,campgrounds,viol_centerline,법규위반_직진우회전진행방해_건수,road_dry,viol_unsafe_driving,weather_clear,road_wet,viol_pedestrian_prot
밀양시,2021년,3월,청도면,1,15.23,0,0.0639,3,Low-Risk,weather_cloudy,법규위반_교차로운행방법위반_건수,viol_unsafe_distance,road_near_intersection,viol_centerline,road_dry,weather_clear,viol_unsafe_driving,viol_pedestrian_prot,road_wet
밀양시,2021년,4월,교동,2,15.36,0,0.0226,11,Low-Risk,법규위반_교차로운행방법위반_건수,viol_unsafe_distance,viol_centerline,법규위반_직진우회전진행방해_건수,viol_lane,road_dry,viol_unsafe_driving,weather_clear,road_wet,viol_pedestrian_prot
밀양시,2021년,4월,내이동,2,82.52,1,0.9947,114,High-Risk Warning,road_dry,viol_unsafe_driving,viol_other,weather_clear,viol_signal,road_wet,viol_pedestrian_prot,road_intersection,weather_cloudy,road_single_other
밀양시,2021년,4월,부북면,2,86.62,1,0.9973,106,High-Risk Warning,road_dry,road_wet,weather_clear,road_intersection,viol_unsafe_driving,viol_pedestrian_prot,weather_cloudy,viol_other,road_single_other,sports_facilities
밀양시,2021년,4월,산내면,2,14.49,0,0.0266,19,Low-Risk,campgrounds,법규위반_교차로운행방법위반_건수,viol_unsafe_distance,viol_centerline,법규위반_직진우회전진행방해_건수,road_dry,viol_unsafe_driving,weather_clear,road_wet,viol_pedestrian_prot
밀양시,2021년,4월,산외면,2,38.75,0,0.4897,30,Low-Risk,road_wet,weather_rain,road_single_other,sports_facilities,campgrounds,road_dry,weather_clear,viol_unsafe_driving,viol_pedestrian_prot,road_intersection
밀양시,2021년,4월,삼랑진읍,2,71.36,1,0.9869,55,High-Risk Warning,road_dry,weather_clear,viol_unsafe_driving,road_single_other,road_near_intersection,viol_pedestrian_prot,road_wet,weather_cloudy,road_intersection,viol_other
밀양시,2021년,4월,삼문동,2,131.67,1,0.9987,113,High-Risk Warning,road_dry,viol_pedestrian_prot,weather_cloudy,road_single_other,weather_clear,road_wet,viol_unsafe_driving,weather_rain,campgrounds,viol_centerline
밀양시,2021년,4월,상남면,2,110.42,1,0.9984,80,High-Risk Warning,road_dry,viol_unsafe_driving,road_wet,weather_clear,weather_cloudy,viol_pedestrian_prot,road_intersection,법규위반_교차로운행방법위반_건수,sports_facilities,viol_other
밀양시,2021년,4월,상동면,2,28.25,0,0.2634,16,Low-Risk,road_single_other,법규위반_교차로운행방법위반_건수,viol_centerline,법규위반_직진우회전진행방해_건수,viol_lane,road_dry,viol_unsafe_driving,weather_clear,viol_pedestrian_prot,road_wet
밀양시,2021년,4월,용평동,2,22.41,0,0.0536,28,Low-Risk,viol_pedestrian_prot,법규위반_교차로운행방법위반_건수,viol_unsafe_distance,viol_centerline,법규위반_직진우회전진행방해_건수,road_dry,viol_unsafe_driving,weather_clear,road_single_other,weather_cloudy
밀양시,2021년,4월,청도면,2,14.49,0,0.0431,8,Low-Risk,법규위반_교차로운행방법위반_건수,viol_unsafe_distance,campgrounds,viol_centerline,법규위반_직진우회전진행방해_건수,road_dry,viol_unsafe_driving,weather_clear,road_wet,viol_pedestrian_prot
밀양시,2021년,4월,초동면,2,45.8,1,0.8777,46,High-Risk Warning,weather_clear,road_near_intersection,법규위반_교차로운행방법위반_건수,viol_signal,viol_unsafe_distance,road_dry,viol_unsafe_driving,road_wet,viol_pedestrian_prot,weather_cloudy
밀양시,2021년,4월,하남읍,2,74.95,1,0.9825,104,High-Risk Warning,road_dry,weather_clear,viol_unsafe_driving,viol_other,campgrounds,viol_pedestrian_prot,road_wet,weather_cloudy,road_intersection,road_single_other
밀양시,2021년,5월,가곡동,2,47.46,1,0.6651,35,High-Risk Warning,weather_clear,viol_other,road_near_intersection,법규위반_교차로운행방법위반_건수,campgrounds,road_dry,viol_unsafe_driving,road_wet,viol_pedestrian_prot,weather_cloudy
밀양시,2021년,5월,교동,2,62.25,1,0.9756,84,High-Risk Warning,road_dry,weather_clear,weather_cloudy,sports_facilities,road_single_other,viol_unsafe_driving,viol_pedestrian_prot,road_wet,viol_signal,road_intersection
밀양시,2021년,5월,내이동,2,159.27,1,0.9989,155,High-Risk Warning,road_dry,viol_unsafe_driving,viol_pedestrian_prot,weather_cloudy,weather_clear,road_wet,sports_facilities,viol_other,viol_unsafe_distance,road_near_intersection
밀양시,2021년,5월,내일동,2,28.25,0,0.2701,16,Low-Risk,법규위반_교차로운행방법위반_건수,viol_centerline,법규위반_직진우회전진행방해_건수,viol_lane,노면상태_서리결빙_건수,road_dry,viol_unsafe_driving,weather_clear,road_wet,viol_pedestrian_prot
밀양시,2021년,5월,무안면,2,15.58,0,0.0493,7,Low-Risk,법규위반_교차로운행방법위반_건수,viol_unsafe_distance,viol_centerline,법규위반_직진우회전진행방해_건수,viol_lane,road_dry,viol_unsafe_driving,weather_clear,road_wet,viol_pedestrian_prot
밀양시,2021년,5월,부북면,2,15.58,0,0.0493,8,Low-Risk,법규위반_교차로운행방법위반_건수,viol_unsafe_distance,viol_centerline,법규위반_직진우회전진행방해_건수,viol_lane,road_dry,viol_unsafe_driving,weather_clear,road_wet,viol_pedestrian_prot
밀양시,2021년,5월,산외면,2,15.89,0,0.059,19,Low-Risk,campgrounds,sports_facilities,법규위반_교차로운행방법위반_건수,viol_unsafe_distance,viol_centerline,road_dry,viol_unsafe_driving,weather_clear,road_wet,viol_pedestrian_prot
밀양시,2021년,5월,삼랑진읍,2,39.38,1,0.9098,46,High-Risk Warning,road_wet,weather_cloudy,법규위반_교차로운행방법위반_건수,viol_signal,road_near_intersection,road_dry,viol_unsafe_driving,weather_clear,viol_pedestrian_prot,road_intersection
밀양시,2021년,5월,삼문동,2,42.85,1,0.8489,56,High-Risk Warning,weather_clear,road_intersection,법규위반_교차로운행방법위반_건수,road_near_intersection,viol_unsafe_distance,road_dry,viol_unsafe_driving,road_wet,viol_pedestrian_prot,weather_cloudy
밀양시,2021년,5월,상남면,2,45.75,1,0.8352,52,High-Risk Warning,weather_clear,road_single_other,법규위반_교차로운행방법위반_건수,viol_unsafe_distance,viol_centerline,road_dry,viol_unsafe_driving,viol_pedestrian_prot,road_wet,weather_cloudy
밀양시,2021년,5월,상동면,2,61.25,1,0.9779,66,High-Risk Warning,road_dry,weather_clear,viol_other,road_single_other,road_near_intersection,viol_unsafe_driving,viol_pedestrian_prot,road_wet,weather_cloudy,road_intersection
밀양시,2021년,5월,하남읍,2,33.23,0,0.3365,30,Low-Risk,viol_other,viol_signal,sports_facilities,campgrounds,법규위반_교차로운행방법위반_건수,road_dry,viol_unsafe_driving,weather_clear,road_wet,viol_pedestrian_prot
밀양시,2021년,5월,활성동,2,15.58,0,0.0493,28,Low-Risk,sports_facilities,법규위반_교차로운행방법위반_건수,viol_unsafe_distance,viol_centerline,법규위반_직진우회전진행방해_건수,road_dry,viol_unsafe_driving,weather_clear,road_wet,viol_pedestrian_prot
밀양시,2021년,6월,가곡동,2,16.57,0,0.0448,11,Low-Risk,weather_cloudy,sports_facilities,법규위반_교차로운행방법위반_건수,viol_unsafe_distance,road_near_intersection,road_dry,weather_clear,viol_unsafe_driving,viol_pedestrian_prot,road_wet
밀양시,2021년,6월,교동,2,67.48,1,0.9437,98,High-Risk Warning,road_wet,viol_pedestrian_prot,weather_clear,road_intersection,weather_rain,road_dry,viol_unsafe_driving,road_single_other,weather_cloudy,viol_other
밀양시,2021년,6월,내이동,2,137.09,1,0.9959,160,High-Risk Warning,road_dry,viol_unsafe_driving,road_wet,weather_clear,road_intersection,viol_pedestrian_prot,weather_cloudy,도로형태_교차로횡단보도내_건수,viol_other,sports_facilities
밀양시,2021년,6월,내일동,2,15.58,0,0.0337,19,Low-Risk,법규위반_교차로운행방법위반_건수,viol_unsafe_distance,viol_centerline,법규위반_직진우회전진행방해_건수,viol_lane,road_dry,viol_unsafe_driving,weather_clear,road_wet,viol_pedestrian_prot
밀양시,2021년,6월,단장면,2,14.25,0,0.0137,8,Low-Risk,법규위반_교차로운행방법위반_건수,viol_unsafe_distance,viol_centerline,법규위반_직진우회전진행방해_건수,viol_lane,road_dry,viol_unsafe_driving,weather_clear,road_wet,viol_pedestrian_prot
밀양시,2021년,6월,부북면,2,45.8,1,0.7966,55,High-Risk Warning,weather_clear,road_single_other,road_near_intersection,법규위반_교차로운행방법위반_건수,viol_signal,road_dry,viol_unsafe_driving,viol_pedestrian_prot,road_wet,weather_cloudy
밀양시,2021년,6월,산외면,2,14.85,0,0.0563,8,Low-Risk,road_near_intersection,sports_facilities,campgrounds,법규위반_교차로운행방법위반_건수,viol_unsafe_distance,road_dry,viol_unsafe_driving,weather_clear,road_wet,viol_pedestrian_prot
밀양시,2021년,6월,삼랑진읍,2,25.44,0,0.2474,56,Low-Risk,road_wet,weather_rain,road_single_other,법규위반_교차로운행방법위반_건수,viol_signal,road_dry,viol_unsafe_driving,weather_clear,viol_pedestrian_prot,road_intersection
밀양시,2021년,6월,삼문동,2,118.18,1,0.9986,79,High-Risk Warning,road_dry,road_wet,viol_pedestrian_prot,road_single_other,road_intersection,viol_unsafe_driving,weather_cloudy,viol_other,법규위반_교차로운행방법위반_건수,도로형태_교차로횡단보도내_건수
밀양시,2021년,6월,상남면,2,45.61,1,0.9057,49,High-Risk Warning,weather_clear,road_single_other,법규위반_교차로운행방법위반_건수,viol_centerline,법규위반_직진우회전진행방해_건수,road_dry,viol_unsafe_driving,viol_pedestrian_prot,road_wet,weather_cloudy
밀양시,2021년,6월,상동면,2,14.49,0,0.0431,39,Low-Risk,법규위반_교차로운행방법위반_건수,viol_unsafe_distance,campgrounds,viol_centerline,법규위반_직진우회전진행방해_건수,road_dry,viol_unsafe_driving,weather_clear,road_wet,viol_pedestrian_prot
밀양시,2021년,6월,청도면,2,14.49,0,0.0431,14,Low-Risk,법규위반_교차로운행방법위반_건수,viol_unsafe_distance,campgrounds,viol_centerline,법규위반_직진우회전진행방해_건수,road_dry,viol_unsafe_driving,weather_clear,road_wet,viol_pedestrian_prot
밀양시,2021년,6월,초동면,2,14.49,0,0.0431,39,Low-Risk,법규위반_교차로운행방법위반_건수,viol_unsafe_distance,campgrounds,viol_centerline,법규위반_직진우회전진행방해_건수,road_dry,viol_unsafe_driving,weather_clear,road_wet,viol_pedestrian_prot
밀양시,2021년,6월,하남읍,2,62.03,1,0.9852,49,High-Risk Warning,road_dry,weather_clear,viol_other,road_intersection,campgrounds,viol_unsafe_driving,road_wet,viol_pedestrian_prot,weather_cloudy,road_single_other
밀양시,2021년,7월,교동,3,14.28,0,0.0197,8,Low-Risk,법규위반_교차로운행방법위반_건수,viol_unsafe_distance,campgrounds,viol_centerline,법규위반_직진우회전진행방해_건수,road_dry,viol_unsafe_driving,weather_clear,road_wet,viol_pedestrian_prot
밀양시,2021년,7월,내이동,3,74.44,1,0.9945,72,High-Risk Warning,road_dry,weather_clear,viol_unsafe_driving,weather_cloudy,road_single_other,viol_pedestrian_prot,road_wet,road_intersection,sports_facilities,viol_other
밀양시,2021년,7월,내일동,3,35.51,1,0.5342,48,High-Risk Warning,viol_pedestrian_prot,법규위반_교차로운행방법위반_건수,viol_unsafe_distance,viol_centerline,법규위반_직진우회전진행방해_건수,road_dry,viol_unsafe_driving,weather_clear,weather_cloudy,road_single_other
밀양시,2021년,7월,단장면,3,29.77,0,0.2053,22,Low-Risk,weather_cloudy,viol_unsafe_distance,road_near_intersection,viol_centerline,법규위반_직진우회전진행방해_건수,road_dry,viol_unsafe_driving,weather_clear,viol_pedestrian_prot,road_wet
밀양시,2021년,7월,무안면,3,15.58,0,0.0493,19,Low-Risk,법규위반_교차로운행방법위반_건수,viol_unsafe_distance,viol_centerline,법규위반_직진우회전진행방해_건수,viol_lane,road_dry,viol_unsafe_driving,weather_clear,road_wet,viol_pedestrian_prot
밀양시,2021년,7월,부북면,3,15.58,0,0.0493,14,Low-Risk,법규위반_교차로운행방법위반_건수,viol_unsafe_distance,viol_centerline,법규위반_직진우회전진행방해_건수,viol_lane,road_dry,viol_unsafe_driving,weather_clear,road_wet,viol_pedestrian_prot
밀양시,2021년,7월,산외면,3,49.33,1,0.8769,46,High-Risk Warning,weather_clear,viol_other,road_single_other,campgrounds,sports_facilities,road_dry,viol_unsafe_driving,viol_pedestrian_prot,road_wet,weather_cloudy
밀양시,2021년,7월,삼랑진읍,3,69.96,1,0.9635,58,High-Risk Warning,viol_pedestrian_prot,road_wet,weather_clear,road_single_other,weather_rain,road_dry,viol_unsafe_driving,weather_cloudy,road_intersection,viol_other
밀양시,2021년,7월,삼문동,3,192.4,1,0.9995,248,High-Risk Warning,road_dry,viol_unsafe_driving,viol_pedestrian_prot,road_wet,weather_cloudy,campgrounds,viol_centerline,법규위반_직진우회전진행방해_건수,viol_lane,노면상태_서리결빙_건수
밀양시,2021년,7월,상남면,3,29.06,0,0.2701,25,Low-Risk,법규위반_교차로운행방법위반_건수,viol_unsafe_distance,viol_centerline,법규위반_직진우회전진행방해_건수,viol_lane,road_dry,weather_clear,viol_unsafe_driving,road_wet,viol_pedestrian_prot
밀양시,2021년,7월,상동면,3,29.06,0,0.2701,32,Low-Risk,법규위반_교차로운행방법위반_건수,viol_unsafe_distance,viol_centerline,법규위반_직진우회전진행방해_건수,viol_lane,road_dry,weather_clear,viol_unsafe_driving,road_wet,viol_pedestrian_prot
밀양시,2021년,7월,청도면,3,14.49,0,0.0431,11,Low-Risk,법규위반_교차로운행방법위반_건수,viol_unsafe_distance,campgrounds,viol_centerline,법규위반_직진우회전진행방해_건수,road_dry,viol_unsafe_driving,weather_clear,road_wet,viol_pedestrian_prot
밀양시,2021년,7월,하남읍,3,28.94,0,0.2701,27,Low-Risk,campgrounds,sports_facilities,법규위반_교차로운행방법위반_건수,viol_unsafe_distance,viol_centerline,road_dry,viol_unsafe_driving,weather_clear,road_wet,viol_pedestrian_prot
밀양시,2021년,8월,가곡동,3,55.53,1,0.9417,56,High-Risk Warning,viol_pedestrian_prot,weather_cloudy,road_wet,viol_other,weather_rain,road_dry,viol_unsafe_driving,weather_clear,road_single_other,road_intersection
밀양시,2021년,8월,교동,3,15.36,0,0.0153,19,Low-Risk,법규위반_교차로운행방법위반_건수,viol_unsafe_distance,viol_centerline,법규위반_직진우회전진행방해_건수,viol_lane,road_dry,viol_unsafe_driving,weather_clear,road_wet,viol_pedestrian_prot
밀양시,2021년,8월,내이동,3,147.98,1,0.9982,110,High-Risk Warning,road_dry,viol_unsafe_driving,viol_pedestrian_prot,weather_clear,road_single_other,road_wet,weather_cloudy,viol_signal,viol_other,sports_facilities
밀양시,2021년,8월,단장면,3,14.31,0,0.0291,8,Low-Risk,road_near_intersection,법규위반_교차로운행방법위반_건수,viol_unsafe_distance,viol_centerline,법규위반_직진우회전진행방해_건수,road_dry,viol_unsafe_driving,weather_clear,road_wet,viol_pedestrian_prot
밀양시,2021년,8월,무안면,3,28.2,0,0.2603,16,Low-Risk,road_near_intersection,법규위반_교차로운행방법위반_건수,viol_unsafe_distance,campgrounds,viol_centerline,road_dry,viol_unsafe_driving,weather_clear,road_wet,viol_pedestrian_prot
밀양시,2021년,8월,부북면,3,14.49,0,0.0431,8,Low-Risk,법규위반_교차로운행방법위반_건수,viol_unsafe_distance,campgrounds,viol_centerline,법규위반_직진우회전진행방해_건수,road_dry,viol_unsafe_driving,weather_clear,road_wet,viol_pedestrian_prot
밀양시,2021년,8월,산외면,3,25.81,0,0.2208,16,Low-Risk,road_wet,weather_rain,sports_facilities,campgrounds,법규위반_교차로운행방법위반_건수,road_dry,viol_unsafe_driving,weather_clear,viol_pedestrian_prot,weather_cloudy
밀양시,2021년,8월,삼랑진읍,3,14.49,0,0.0431,8,Low-Risk,법규위반_교차로운행방법위반_건수,viol_unsafe_distance,campgrounds,viol_centerline,법규위반_직진우회전진행방해_건수,road_dry,viol_unsafe_driving,weather_clear,road_wet,viol_pedestrian_prot
밀양시,2021년,8월,삼문동,3,57.32,1,0.9853,56,High-Risk Warning,road_dry,weather_clear,도로형태_교차로횡단보도내_건수,법규위반_교차로운행방법위반_건수,viol_unsafe_distance,viol_unsafe_driving,road_wet,viol_pedestrian_prot,weather_cloudy,viol_signal
밀양시,2021년,8월,상남면,3,48.76,1,0.8577,46,High-Risk Warning,weather_clear,viol_other,road_single_other,법규위반_교차로운행방법위반_건수,viol_centerline,road_dry,viol_unsafe_driving,viol_pedestrian_prot,road_wet,weather_cloudy
밀양시,2021년,8월,청도면,3,46.1,1,0.8576,46,High-Risk Warning,weather_clear,road_near_intersection,viol_signal,법규위반_교차로운행방법위반_건수,viol_unsafe_distance,road_dry,viol_unsafe_driving,road_wet,viol_pedestrian_prot,weather_cloudy
밀양시,2021년,8월,초동면,3,15.23,0,0.0639,19,Low-Risk,weather_cloudy,법규위반_교차로운행방법위반_건수,viol_unsafe_distance,road_near_intersection,viol_centerline,road_dry,weather_clear,viol_unsafe_driving,viol_pedestrian_prot,road_wet
밀양시,2021년,8월,하남읍,3,48.37,1,0.9219,50,High-Risk Warning,road_wet,road_intersection,weather_cloudy,sports_facilities,campgrounds,road_dry,weather_clear,viol_unsafe_driving,viol_pedestrian_prot,road_single_other
밀양시,2021년,9월,가곡동,3,27.76,0,0.2384,19,Low-Risk,법규위반_교차로운행방법위반_건수,viol_unsafe_distance,campgrounds,viol_centerline,법규위반_직진우회전진행방해_건수,road_dry,weather_clear,viol_unsafe_driving,road_wet,viol_pedestrian_prot
밀양시,2021년,9월,교동,3,15.36,0,0.0226,11,Low-Risk,법규위반_교차로운행방법위반_건수,viol_unsafe_distance,viol_centerline,법규위반_직진우회전진행방해_건수,viol_lane,road_dry,viol_unsafe_driving,weather_clear,road_wet,viol_pedestrian_prot
밀양시,2021년,9월,내이동,3,110.68,1,0.9968,106,High-Risk Warning,road_dry,viol_unsafe_driving,weather_clear,weather_cloudy,road_single_other,road_wet,viol_pedestrian_prot,road_intersection,법규위반_교차로운행방법위반_건수,도로형태_교차로횡단보도내_건수
밀양시,2021년,9월,내일동,3,15.58,0,0.0493,28,Low-Risk,법규위반_교차로운행방법위반_건수,viol_unsafe_distance,viol_centerline,법규위반_직진우회전진행방해_건수,viol_lane,road_dry,viol_unsafe_driving,weather_clear,road_wet,viol_pedestrian_prot
밀양시,2021년,9월,단장면,3,18.41,0,0.0159,19,Low-Risk,viol_other,법규위반_교차로운행방법위반_건수,viol_unsafe_distance,viol_centerline,법규위반_직진우회전진행방해_건수,road_dry,viol_unsafe_driving,weather_clear,road_wet,viol_pedestrian_prot
밀양시,2021년,9월,부북면,3,46.07,1,0.9569,35,High-Risk Warning,road_wet,road_intersection,weather_cloudy,viol_signal,road_near_intersection,road_dry,viol_unsafe_driving,weather_clear,viol_pedestrian_prot,법규위반_교차로운행방법위반_건수
밀양시,2021년,9월,산내면,3,14.79,0,0.0137,19,Low-Risk,campgrounds,법규위반_교차로운행방법위반_건수,viol_unsafe_distance,viol_centerline,법규위반_직진우회전진행방해_건수,road_dry,viol_unsafe_driving,weather_clear,road_wet,viol_pedestrian_prot
밀양시,2021년,9월,산외면,3,38.75,1,0.6606,55,High-Risk Warning,road_wet,weather_rain,road_single_other,sports_facilities,campgrounds,road_dry,weather_clear,viol_unsafe_driving,viol_pedestrian_prot,road_intersection
밀양시,2021년,9월,삼랑진읍,3,71.6,1,0.9868,63,High-Risk Warning,road_dry,weather_clear,viol_unsafe_driving,road_single_other,road_near_intersection,viol_pedestrian_prot,road_wet,weather_cloudy,road_intersection,viol_other
밀양시,2021년,9월,삼문동,3,90.44,1,0.9943,86,High-Risk Warning,road_dry,viol_pedestrian_prot,weather_clear,road_single_other,viol_unsafe_driving,weather_cloudy,road_wet,road_intersection,viol_other,weather_rain
밀양시,2021년,9월,상남면,3,29.06,0,0.2701,27,Low-Risk,법규위반_교차로운행방법위반_건수,viol_unsafe_distance,viol_centerline,법규위반_직진우회전진행방해_건수,viol_lane,road_dry,weather_clear,viol_unsafe_driving,road_wet,viol_pedestrian_prot
밀양시,2021년,9월,상동면,3,15.58,0,0.0493,19,Low-Risk,법규위반_교차로운행방법위반_건수,viol_unsafe_distance,viol_centerline,법규위반_직진우회전진행방해_건수,viol_lane,road_dry,viol_unsafe_driving,weather_clear,road_wet,viol_pedestrian_prot
밀양시,2021년,9월,용평동,3,15.58,0,0.0493,3,Low-Risk,법규위반_교차로운행방법위반_건수,viol_unsafe_distance,viol_centerline,법규위반_직진우회전진행방해_건수,viol_lane,road_dry,viol_unsafe_driving,weather_clear,road_wet,viol_pedestrian_prot
밀양시,2021년,9월,청도면,3,15.58,0,0.0493,11,Low-Risk,법규위반_교차로운행방법위반_건수,viol_unsafe_distance,viol_centerline,법규위반_직진우회전진행방해_건수,viol_lane,road_dry,viol_unsafe_driving,weather_clear,road_wet,viol_pedestrian_prot
밀양시,2021년,9월,초동면,3,14.49,0,0.0224,19,Low-Risk,법규위반_교차로운행방법위반_건수,viol_unsafe_distance,campgrounds,viol_centerline,법규위반_직진우회전진행방해_건수,road_dry,viol_unsafe_driving,weather_clear,road_wet,viol_pedestrian_prot
밀양시,2021년,9월,하남읍,3,100.38,1,0.9943,85,High-Risk Warning,road_dry,viol_unsafe_driving,weather_cloudy,weather_clear,road_intersection,road_wet,viol_pedestrian_prot,viol_other,weather_rain,viol_signal
밀양시,2022년,10월,가곡동,4,14.28,0,0.03,11,Low-Risk,법규위반_교차로운행방법위반_건수,viol_unsafe_distance,campgrounds,viol_centerline,법규위반_직진우회전진행방해_건수,road_dry,viol_unsafe_driving,weather_clear,road_wet,viol_pedestrian_prot
밀양시,2022년,10월,교동,4,15.36,0,0.0226,19,Low-Risk,법규위반_교차로운행방법위반_건수,viol_unsafe_distance,viol_centerline,법규위반_직진우회전진행방해_건수,viol_lane,road_dry,viol_unsafe_driving,weather_clear,road_wet,viol_pedestrian_prot
밀양시,2022년,10월,내이동,4,95.81,1,0.9985,84,High-Risk Warning,road_dry,viol_pedestrian_prot,weather_cloudy,weather_clear,road_intersection,road_wet,viol_unsafe_driving,road_single_other,법규위반_교차로운행방법위반_건수,sports_facilities
밀양시,2022년,10월,내일동,4,27.97,0,0.2432,16,Low-Risk,법규위반_교차로운행방법위반_건수,viol_unsafe_distance,campgrounds,viol_centerline,법규위반_직진우회전진행방해_건수,road_dry,weather_clear,viol_unsafe_driving,road_wet,viol_pedestrian_prot
밀양시,2022년,10월,단장면,4,28.39,0,0.2026,22,Low-Risk,법규위반_교차로운행방법위반_건수,viol_unsafe_distance,viol_centerline,법규위반_직진우회전진행방해_건수,viol_lane,road_dry,viol_unsafe_driving,weather_clear,road_wet,viol_pedestrian_prot
밀양시,2022년,10월,부북면,4,58.86,1,0.9879,75,High-Risk Warning,road_dry,weather_clear,weather_cloudy,road_intersection,viol_unsafe_distance,viol_unsafe_driving,road_wet,viol_pedestrian_prot,법규위반_교차로운행방법위반_건수,sports_facilities
밀양시,2022년,10월,산외면,4,45.92,1,0.9207,45,High-Risk Warning,weather_clear,road_single_other,campgrounds,sports_facilities,법규위반_교차로운행방법위반_건수,road_dry,viol_unsafe_driving,viol_pedestrian_prot,road_wet,weather_cloudy
밀양시,2022년,10월,삼랑진읍,4,97.98,1,0.9912,122,High-Risk Warning,road_dry,viol_unsafe_driving,weather_cloudy,weather_clear,road_intersection,road_wet,viol_pedestrian_prot,viol_other,sports_facilities,weather_rain
밀양시,2022년,10월,삼문동,4,187.3,1,0.9995,266,High-Risk Warning,road_dry,viol_unsafe_driving,viol_pedestrian_prot,road_wet,weather_cloudy,법규위반_교차로운행방법위반_건수,viol_other,weather_rain,campgrounds,viol_centerline
밀양시,2022년,10월,상남면,4,115.57,1,0.9953,132,High-Risk Warning,road_dry,viol_unsafe_driving,weather_clear,viol_other,road_single_other,road_wet,viol_pedestrian_prot,road_intersection,weather_cloudy,도로형태_교차로횡단보도내_건수
밀양시,2022년,10월,청도면,4,15.58,0,0.0337,19,Low-Risk,법규위반_교차로운행방법위반_건수,viol_unsafe_distance,viol_centerline,법규위반_직진우회전진행방해_건수,viol_lane,road_dry,viol_unsafe_driving,weather_clear,road_wet,viol_pedestrian_prot
밀양시,2022년,10월,초동면,4,44.72,1,0.6677,24,High-Risk Warning,weather_clear,road_near_intersection,법규위반_교차로운행방법위반_건수,viol_unsafe_distance,campgrounds,road_dry,viol_unsafe_driving,road_wet,viol_pedestrian_prot,road_single_other
밀양시,2022년,10월,하남읍,4,14.79,0,0.0224,19,Low-Risk,sports_facilities,campgrounds,법규위반_교차로운행방법위반_건수,viol_unsafe_distance,viol_centerline,road_dry,viol_unsafe_driving,weather_clear,road_wet,viol_pedestrian_prot
밀양시,2022년,11월,가곡동,4,15.36,0,0.0344,11,Low-Risk,법규위반_교차로운행방법위반_건수,viol_unsafe_distance,viol_centerline,법규위반_직진우회전진행방해_건수,viol_lane,road_dry,viol_unsafe_driving,weather_clear,road_wet,viol_pedestrian_prot
밀양시,2022년,11월,교동,4,23.27,0,0.0366,28,Low-Risk,viol_pedestrian_prot,법규위반_교차로운행방법위반_건수,viol_unsafe_distance,viol_centerline,법규위반_직진우회전진행방해_건수,road_dry,viol_unsafe_driving,weather_clear,weather_cloudy,road_single_other
밀양시,2022년,11월,내이동,4,89.31,1,0.9949,102,High-Risk Warning,road_dry,weather_cloudy,viol_unsafe_driving,weather_clear,도로형태_교차로횡단보도내_건수,road_wet,viol_pedestrian_prot,sports_facilities,viol_other,weather_rain
밀양시,2022년,11월,내일동,4,52.33,1,0.9396,51,High-Risk Warning,viol_pedestrian_prot,weather_clear,법규위반_교차로운행방법위반_건수,viol_unsafe_distance,viol_centerline,road_dry,viol_unsafe_driving,weather_cloudy,road_single_other,road_wet
밀양시,2022년,11월,단장면,4,31.71,0,0.2053,30,Low-Risk,weather_cloudy,법규위반_교차로운행방법위반_건수,viol_unsafe_distance,road_near_intersection,viol_centerline,road_dry,weather_clear,viol_unsafe_driving,viol_pedestrian_prot,road_wet
밀양시,2022년,11월,무안면,4,28.93,0,0.2793,27,Low-Risk,법규위반_교차로운행방법위반_건수,viol_unsafe_distance,viol_centerline,법규위반_직진우회전진행방해_건수,viol_lane,road_dry,viol_unsafe_driving,weather_clear,road_wet,viol_pedestrian_prot
밀양시,2022년,11월,삼랑진읍,4,81.96,1,0.9941,82,High-Risk Warning,road_dry,viol_unsafe_driving,weather_clear,road_single_other,viol_signal,road_wet,viol_pedestrian_prot,weather_cloudy,road_intersection,viol_other
밀양시,2022년,11월,삼문동,4,147.17,1,0.9987,151,High-Risk Warning,road_dry,viol_unsafe_driving,viol_pedestrian_prot,road_wet,weather_cloudy,road_single_other,road_intersection,viol_other,viol_signal,road_near_intersection
밀양시,2022년,11월,상남면,4,70.85,1,0.9813,73,High-Risk Warning,road_dry,weather_clear,viol_unsafe_driving,road_single_other,법규위반_교차로운행방법위반_건수,viol_pedestrian_prot,road_wet,weather_cloudy,road_intersection,viol_other
밀양시,2022년,11월,상동면,4,15.23,0,0.0439,19,Low-Risk,weather_cloudy,법규위반_교차로운행방법위반_건수,viol_unsafe_distance,road_near_intersection,viol_centerline,road_dry,weather_clear,viol_unsafe_driving,viol_pedestrian_prot,road_wet
밀양시,2022년,11월,초동면,4,45.45,1,0.7656,46,High-Risk Warning,weather_clear,road_single_other,법규위반_교차로운행방법위반_건수,viol_unsafe_distance,viol_centerline,road_dry,viol_unsafe_driving,viol_pedestrian_prot,road_wet,weather_cloudy
밀양시,2022년,11월,하남읍,4,29.37,0,0.2719,30,Low-Risk,road_single_other,campgrounds,sports_facilities,법규위반_교차로운행방법위반_건수,viol_unsafe_distance,road_dry,weather_clear,viol_unsafe_driving,viol_pedestrian_prot,road_wet
밀양시,2022년,12월,가곡동,4,38.38,0,0.3863,68,Low-Risk,viol_other,weather_cloudy,viol_signal,sports_facilities,법규위반_교차로운행방법위반_건수,road_dry,viol_unsafe_driving,weather_clear,viol_pedestrian_prot,road_wet
밀양시,2022년,12월,교동,4,28.11,0,0.1356,19,Low-Risk,road_near_intersection,법규위반_교차로운행방법위반_건수,viol_unsafe_distance,campgrounds,viol_centerline,road_dry,weather_clear,viol_unsafe_driving,road_wet,viol_pedestrian_prot
밀양시,2022년,12월,남포동,4,15.2,0,0.0258,8,Low-Risk,법규위반_교차로운행방법위반_건수,viol_centerline,법규위반_직진우회전진행방해_건수,viol_lane,노면상태_서리결빙_건수,road_dry,viol_unsafe_driving,weather_clear,road_wet,viol_pedestrian_prot
밀양시,2022년,12월,내이동,4,154.25,1,0.9993,141,High-Risk Warning,road_dry,viol_unsafe_driving,road_wet,road_intersection,weather_clear,viol_pedestrian_prot,viol_signal,sports_facilities,viol_other,도로형태_교차로횡단보도내_건수
밀양시,2022년,12월,내일동,4,15.58,0,0.0493,11,Low-Risk,법규위반_교차로운행방법위반_건수,viol_unsafe_distance,viol_centerline,법규위반_직진우회전진행방해_건수,viol_lane,road_dry,viol_unsafe_driving,weather_clear,road_wet,viol_pedestrian_prot
밀양시,2022년,12월,무안면,4,15.23,0,0.0439,8,Low-Risk,weather_cloudy,법규위반_교차로운행방법위반_건수,viol_unsafe_distance,road_near_intersection,viol_centerline,road_dry,weather_clear,viol_unsafe_driving,viol_pedestrian_prot,road_wet
밀양시,2022년,12월,부북면,4,14.49,0,0.0431,7,Low-Risk,법규위반_교차로운행방법위반_건수,viol_unsafe_distance,campgrounds,viol_centerline,법규위반_직진우회전진행방해_건수,road_dry,viol_unsafe_driving,weather_clear,road_wet,viol_pedestrian_prot
밀양시,2022년,12월,삼랑진읍,4,66.83,1,0.9908,83,High-Risk Warning,road_dry,weather_clear,weather_cloudy,road_single_other,법규위반_교차로운행방법위반_건수,viol_unsafe_driving,viol_pedestrian_prot,road_wet,road_intersection,sports_facilities
밀양시,2022년,12월,삼문동,4,80.03,1,0.9978,80,High-Risk Warning,road_dry,road_wet,weather_clear,viol_unsafe_driving,weather_cloudy,viol_pedestrian_prot,road_intersection,viol_other,weather_rain,road_near_intersection
밀양시,2022년,12월,상남면,4,46.12,1,0.951,35,High-Risk Warning,weather_clear,road_intersection,viol_signal,법규위반_교차로운행방법위반_건수,road_near_intersection,road_dry,viol_unsafe_driving,road_wet,viol_pedestrian_prot,weather_cloudy
밀양시,2022년,12월,초동면,4,11.92,0,0.0493,8,Low-Risk,법규위반_교차로운행방법위반_건수,viol_unsafe_distance,viol_centerline,법규위반_직진우회전진행방해_건수,viol_lane,road_dry,weather_clear,viol_unsafe_driving,road_wet,viol_pedestrian_prot
밀양시,2022년,12월,하남읍,4,92.19,1,0.9909,134,High-Risk Warning,road_dry,viol_unsafe_driving,weather_cloudy,weather_clear,viol_other,viol_pedestrian_prot,road_wet,road_intersection,weather_rain,viol_signal
밀양시,2022년,1월,교동,1,15.36,0,0.0226,14,Low-Risk,법규위반_교차로운행방법위반_건수,viol_unsafe_distance,viol_centerline,법규위반_직진우회전진행방해_건수,viol_lane,road_dry,viol_unsafe_driving,weather_clear,road_wet,viol_pedestrian_prot
밀양시,2022년,1월,내이동,1,127.45,1,0.9961,142,High-Risk Warning,road_dry,viol_unsafe_driving,weather_clear,road_intersection,road_single_other,road_wet,viol_pedestrian_prot,weather_cloudy,viol_other,weather_rain
밀양시,2022년,1월,무안면,1,45.45,1,0.7709,67,High-Risk Warning,weather_clear,법규위반_교차로운행방법위반_건수,viol_unsafe_distance,viol_centerline,법규위반_직진우회전진행방해_건수,road_dry,viol_unsafe_driving,road_wet,viol_pedestrian_prot,weather_cloudy
밀양시,2022년,1월,산외면,1,15.89,0,0.059,11,Low-Risk,campgrounds,sports_facilities,법규위반_교차로운행방법위반_건수,viol_unsafe_distance,viol_centerline,road_dry,viol_unsafe_driving,weather_clear,road_wet,viol_pedestrian_prot
밀양시,2022년,1월,삼랑진읍,1,58.41,1,0.98,53,High-Risk Warning,road_dry,weather_clear,road_single_other,road_near_intersection,viol_signal,viol_unsafe_driving,viol_pedestrian_prot,road_wet,weather_cloudy,road_intersection
밀양시,2022년,1월,삼문동,1,79.26,1,0.996,93,High-Risk Warning,road_wet,viol_pedestrian_prot,road_dry,weather_clear,road_intersection,viol_unsafe_driving,road_single_other,weather_cloudy,도로형태_교차로횡단보도내_건수,viol_other
밀양시,2022년,1월,상남면,1,58.22,1,0.9902,38,High-Risk Warning,road_dry,weather_clear,road_single_other,법규위반_교차로운행방법위반_건수,viol_centerline,viol_unsafe_driving,viol_pedestrian_prot,road_wet,weather_cloudy,road_intersection
밀양시,2022년,1월,상동면,1,14.49,0,0.0294,8,Low-Risk,법규위반_교차로운행방법위반_건수,viol_unsafe_distance,campgrounds,viol_centerline,법규위반_직진우회전진행방해_건수,road_dry,viol_unsafe_driving,weather_clear,road_wet,viol_pedestrian_prot
밀양시,2022년,1월,초동면,1,15.58,0,0.0337,8,Low-Risk,법규위반_교차로운행방법위반_건수,viol_unsafe_distance,viol_centerline,법규위반_직진우회전진행방해_건수,viol_lane,road_dry,viol_unsafe_driving,weather_clear,road_wet,viol_pedestrian_prot
밀양시,2022년,1월,하남읍,1,65.55,1,0.9813,50,High-Risk Warning,road_dry,weather_clear,viol_unsafe_driving,road_single_other,campgrounds,viol_pedestrian_prot,road_wet,weather_cloudy,road_intersection,viol_other
밀양시,2022년,2월,내이동,1,81.53,1,0.995,69,High-Risk Warning,road_dry,weather_clear,viol_other,weather_cloudy,road_intersection,road_wet,viol_unsafe_driving,viol_pedestrian_prot,법규위반_교차로운행방법위반_건수,road_single_other
밀양시,2022년,2월,무안면,1,21.73,0,0.0536,11,Low-Risk,viol_pedestrian_prot,법규위반_교차로운행방법위반_건수,viol_unsafe_distance,viol_centerline,법규위반_직진우회전진행방해_건수,road_dry,viol_unsafe_driving,weather_clear,road_single_other,weather_cloudy
밀양시,2022년,2월,부북면,1,37.96,1,0.7219,30,High-Risk Warning,weather_cloudy,viol_signal,법규위반_교차로운행방법위반_건수,road_near_intersection,viol_unsafe_distance,road_dry,weather_clear,viol_unsafe_driving,viol_pedestrian_prot,road_wet
밀양시,2022년,2월,산외면,1,17.43,0,0.055,19,Low-Risk,weather_cloudy,sports_facilities,viol_signal,법규위반_교차로운행방법위반_건수,campgrounds,road_dry,weather_clear,viol_unsafe_driving,viol_pedestrian_prot,road_wet
밀양시,2022년,2월,삼랑진읍,1,29.29,0,0.4479,38,Low-Risk,viol_signal,법규위반_교차로운행방법위반_건수,road_near_intersection,viol_unsafe_distance,viol_centerline,road_dry,viol_unsafe_driving,weather_clear,road_wet,viol_pedestrian_prot
밀양시,2022년,2월,삼문동,1,63.51,1,0.8917,59,High-Risk Warning,viol_pedestrian_prot,weather_clear,road_single_other,법규위반_교차로운행방법위반_건수,viol_unsafe_distance,road_dry,viol_unsafe_driving,weather_cloudy,road_wet,road_intersection
밀양시,2022년,2월,상남면,1,64.42,1,0.9832,47,High-Risk Warning,road_dry,weather_clear,road_single_other,road_near_intersection,viol_signal,viol_unsafe_driving,viol_pedestrian_prot,road_wet,weather_cloudy,road_intersection
밀양시,2022년,2월,상동면,1,15.58,0,0.0258,14,Low-Risk,법규위반_교차로운행방법위반_건수,viol_unsafe_distance,viol_centerline,법규위반_직진우회전진행방해_건수,viol_lane,road_dry,viol_unsafe_driving,weather_clear,road_wet,viol_pedestrian_prot
밀양시,2022년,2월,하남읍,1,29.37,0,0.2701,39,Low-Risk,campgrounds,sports_facilities,법규위반_교차로운행방법위반_건수,viol_unsafe_distance,viol_centerline,road_dry,weather_clear,viol_unsafe_driving,road_wet,viol_pedestrian_prot
밀양시,2022년,3월,가곡동,1,14.63,0,0.0328,8,Low-Risk,road_near_intersection,법규위반_교차로운행방법위반_건수,viol_unsafe_distance,campgrounds,viol_centerline,road_dry,viol_unsafe_driving,weather_clear,road_wet,viol_pedestrian_prot
밀양시,2022년,3월,내이동,1,71.17,1,0.9896,72,High-Risk Warning,road_dry,weather_clear,viol_unsafe_driving,road_intersection,viol_signal,road_wet,viol_pedestrian_prot,weather_cloudy,road_single_other,viol_other
밀양시,2022년,3월,내일동,1,20.32,0,0.2457,17,Low-Risk,road_wet,weather_rain,법규위반_교차로운행방법위반_건수,viol_signal,viol_unsafe_distance,road_dry,weather_clear,viol_unsafe_driving,viol_pedestrian_prot,road_intersection
밀양시,2022년,3월,무안면,1,14.49,0,0.0431,19,Low-Risk,법규위반_교차로운행방법위반_건수,viol_unsafe_distance,campgrounds,viol_centerline,법규위반_직진우회전진행방해_건수,road_dry,viol_unsafe_driving,weather_clear,road_wet,viol_pedestrian_prot
밀양시,2022년,3월,부북면,1,15.58,0,0.0337,19,Low-Risk,법규위반_교차로운행방법위반_건수,viol_unsafe_distance,viol_centerline,법규위반_직진우회전진행방해_건수,viol_lane,road_dry,viol_unsafe_driving,weather_clear,road_wet,viol_pedestrian_prot
밀양시,2022년,3월,산내면,1,15.89,0,0.0305,39,Low-Risk,campgrounds,법규위반_교차로운행방법위반_건수,viol_unsafe_distance,viol_centerline,법규위반_직진우회전진행방해_건수,road_dry,viol_unsafe_driving,weather_clear,road_wet,viol_pedestrian_prot
밀양시,2022년,3월,삼랑진읍,1,58.3,1,0.9842,70,High-Risk Warning,road_dry,weather_clear,road_single_other,법규위반_교차로운행방법위반_건수,viol_unsafe_distance,viol_unsafe_driving,viol_pedestrian_prot,road_wet,weather_cloudy,road_intersection
밀양시,2022년,3월,삼문동,1,42.03,1,0.834,46,High-Risk Warning,road_wet,weather_cloudy,sports_facilities,road_single_other,법규위반_교차로운행방법위반_건수,road_dry,weather_clear,viol_unsafe_driving,viol_pedestrian_prot,road_intersection
밀양시,2022년,3월,상남면,1,73.77,1,0.9864,89,High-Risk Warning,road_dry,weather_clear,viol_unsafe_driving,weather_cloudy,road_single_other,viol_pedestrian_prot,road_wet,road_intersection,sports_facilities,viol_other
밀양시,2022년,3월,초동면,1,15.58,0,0.0493,14,Low-Risk,법규위반_교차로운행방법위반_건수,viol_unsafe_distance,viol_centerline,법규위반_직진우회전진행방해_건수,viol_lane,road_dry,viol_unsafe_driving,weather_clear,road_wet,viol_pedestrian_prot
밀양시,2022년,3월,하남읍,1,28.78,0,0.3548,27,Low-Risk,viol_signal,sports_facilities,campgrounds,법규위반_교차로운행방법위반_건수,road_near_intersection,road_dry,viol_unsafe_driving,weather_clear,road_wet,viol_pedestrian_prot
밀양시,2022년,4월,교동,2,28.41,0,0.1427,27,Low-Risk,road_single_other,법규위반_교차로운행방법위반_건수,viol_unsafe_distance,viol_centerline,법규위반_직진우회전진행방해_건수,road_dry,viol_unsafe_driving,weather_clear,viol_pedestrian_prot,road_wet
밀양시,2022년,4월,내이동,2,58.72,1,0.9945,58,High-Risk Warning,road_dry,weather_clear,viol_signal,road_single_other,road_near_intersection,viol_unsafe_driving,viol_pedestrian_prot,road_wet,weather_cloudy,road_intersection
밀양시,2022년,4월,내일동,2,15.23,0,0.0639,8,Low-Risk,weather_cloudy,법규위반_교차로운행방법위반_건수,viol_unsafe_distance,road_near_intersection,viol_centerline,road_dry,weather_clear,viol_unsafe_driving,viol_pedestrian_prot,road_wet
밀양시,2022년,4월,무안면,2,14.79,0,0.0224,8,Low-Risk,법규위반_교차로운행방법위반_건수,viol_unsafe_distance,campgrounds,viol_centerline,법규위반_직진우회전진행방해_건수,road_dry,viol_unsafe_driving,weather_clear,road_wet,viol_pedestrian_prot
밀양시,2022년,4월,산내면,2,32.25,0,0.2053,28,Low-Risk,weather_cloudy,법규위반_교차로운행방법위반_건수,campgrounds,viol_unsafe_distance,road_near_intersection,road_dry,weather_clear,viol_unsafe_driving,viol_pedestrian_prot,road_wet
밀양시,2022년,4월,삼랑진읍,2,57.37,1,0.9808,49,High-Risk Warning,road_dry,weather_clear,road_single_other,법규위반_교차로운행방법위반_건수,viol_centerline,viol_unsafe_driving,viol_pedestrian_prot,road_wet,weather_cloudy,road_intersection
밀양시,2022년,4월,삼문동,2,127.79,1,0.9953,125,High-Risk Warning,road_dry,viol_unsafe_driving,weather_cloudy,weather_clear,road_single_other,road_wet,viol_pedestrian_prot,road_intersection,법규위반_교차로운행방법위반_건수,viol_signal
밀양시,2022년,4월,상남면,2,96.22,1,0.9903,81,High-Risk Warning,road_dry,viol_unsafe_driving,weather_clear,road_single_other,road_near_intersection,road_wet,viol_pedestrian_prot,road_intersection,weather_cloudy,viol_other
밀양시,2022년,4월,상동면,2,29.29,0,0.4479,19,Low-Risk,viol_signal,법규위반_교차로운행방법위반_건수,road_near_intersection,viol_unsafe_distance,viol_centerline,road_dry,viol_unsafe_driving,weather_clear,road_wet,viol_pedestrian_prot
밀양시,2022년,4월,하남읍,2,59.11,1,0.9903,64,High-Risk Warning,road_dry,weather_clear,road_intersection,viol_signal,campgrounds,viol_unsafe_driving,road_wet,viol_pedestrian_prot,weather_cloudy,viol_other
밀양시,2022년,5월,교동,2,68.55,1,0.968,75,High-Risk Warning,road_dry,weather_clear,viol_unsafe_driving,weather_cloudy,road_single_other,viol_pedestrian_prot,road_wet,road_intersection,viol_other,weather_rain
밀양시,2022년,5월,내이동,2,124.69,1,0.9961,140,High-Risk Warning,road_dry,viol_unsafe_driving,weather_clear,road_single_other,viol_signal,road_wet,viol_pedestrian_prot,road_intersection,weather_cloudy,viol_other
밀양시,2022년,5월,단장면,2,15.35,0,0.0207,8,Low-Risk,법규위반_교차로운행방법위반_건수,viol_unsafe_distance,viol_centerline,법규위반_직진우회전진행방해_건수,viol_lane,road_dry,viol_unsafe_driving,weather_clear,road_wet,viol_pedestrian_prot
밀양시,2022년,5월,무안면,2,15.58,0,0.0337,8,Low-Risk,법규위반_교차로운행방법위반_건수,viol_unsafe_distance,viol_centerline,법규위반_직진우회전진행방해_건수,viol_lane,road_dry,viol_unsafe_driving,weather_clear,road_wet,viol_pedestrian_prot
밀양시,2022년,5월,부북면,2,45.98,1,0.9012,66,High-Risk Warning,weather_clear,viol_signal,road_near_intersection,법규위반_교차로운행방법위반_건수,viol_unsafe_distance,road_dry,viol_unsafe_driving,road_wet,viol_pedestrian_prot,weather_cloudy
밀양시,2022년,5월,삼랑진읍,2,64.22,1,0.9897,94,High-Risk Warning,road_dry,weather_clear,viol_signal,법규위반_교차로운행방법위반_건수,viol_unsafe_distance,viol_unsafe_driving,road_wet,viol_pedestrian_prot,weather_cloudy,road_intersection
밀양시,2022년,5월,삼문동,2,129.85,1,0.99,92,High-Risk Warning,road_dry,viol_unsafe_driving,weather_clear,viol_other,weather_cloudy,road_wet,viol_pedestrian_prot,road_intersection,법규위반_교차로운행방법위반_건수,도로형태_교차로횡단보도내_건수
밀양시,2022년,5월,상남면,2,77.09,1,0.9903,69,High-Risk Warning,road_dry,viol_other,weather_clear,road_single_other,법규위반_교차로운행방법위반_건수,viol_unsafe_driving,road_wet,viol_pedestrian_prot,weather_cloudy,road_intersection
밀양시,2022년,5월,상동면,2,47.34,1,0.5364,37,High-Risk Warning,viol_pedestrian_prot,road_single_other,법규위반_교차로운행방법위반_건수,viol_unsafe_distance,viol_centerline,road_dry,viol_unsafe_driving,weather_clear,weather_cloudy,road_wet
밀양시,2022년,5월,하남읍,2,45.76,1,0.7656,46,High-Risk Warning,weather_clear,road_single_other,campgrounds,sports_facilities,법규위반_교차로운행방법위반_건수,road_dry,viol_unsafe_driving,viol_pedestrian_prot,road_wet,weather_cloudy
밀양시,2022년,6월,가곡동,2,57.84,1,0.9656,75,High-Risk Warning,road_dry,weather_clear,road_single_other,법규위반_교차로운행방법위반_건수,viol_unsafe_distance,viol_unsafe_driving,viol_pedestrian_prot,road_wet,weather_cloudy,road_intersection
밀양시,2022년,6월,내이동,2,147.21,1,0.9973,133,High-Risk Warning,road_dry,viol_unsafe_driving,road_wet,weather_clear,road_intersection,viol_pedestrian_prot,viol_signal,weather_cloudy,도로형태_교차로횡단보도내_건수,viol_other
밀양시,2022년,6월,무안면,2,27.84,0,0.3731,48,Low-Risk,법규위반_교차로운행방법위반_건수,viol_unsafe_distance,campgrounds,viol_centerline,법규위반_직진우회전진행방해_건수,road_dry,viol_unsafe_driving,weather_clear,road_wet,viol_pedestrian_prot
밀양시,2022년,6월,부북면,2,28.62,0,0.3303,38,Low-Risk,road_single_other,법규위반_교차로운행방법위반_건수,viol_unsafe_distance,viol_centerline,법규위반_직진우회전진행방해_건수,road_dry,viol_unsafe_driving,weather_clear,viol_pedestrian_prot,road_wet
밀양시,2022년,6월,산내면,2,20.63,0,0.0972,8,Low-Risk,road_wet,weather_rain,campgrounds,법규위반_교차로운행방법위반_건수,viol_signal,road_dry,weather_clear,viol_unsafe_driving,viol_pedestrian_prot,road_intersection
밀양시,2022년,6월,산외면,2,30.14,1,0.5884,35,High-Risk Warning,road_wet,weather_cloudy,weather_rain,sports_facilities,road_single_other,road_dry,viol_unsafe_driving,weather_clear,viol_pedestrian_prot,road_intersection
밀양시,2022년,6월,삼랑진읍,2,58.76,1,0.992,64,High-Risk Warning,road_dry,weather_clear,road_single_other,viol_signal,법규위반_교차로운행방법위반_건수,viol_unsafe_driving,viol_pedestrian_prot,road_wet,weather_cloudy,road_intersection
밀양시,2022년,6월,삼문동,2,161.21,1,0.9987,173,High-Risk Warning,road_dry,viol_unsafe_driving,road_wet,weather_clear,road_intersection,viol_pedestrian_prot,viol_other,road_near_intersection,campgrounds,viol_centerline
밀양시,2022년,6월,상남면,2,61.33,1,0.9824,53,High-Risk Warning,road_dry,weather_clear,viol_other,road_single_other,법규위반_교차로운행방법위반_건수,viol_unsafe_driving,viol_pedestrian_prot,road_wet,weather_cloudy,road_intersection
밀양시,2022년,6월,용평동,2,28.25,0,0.2719,16,Low-Risk,road_single_other,법규위반_교차로운행방법위반_건수,viol_centerline,법규위반_직진우회전진행방해_건수,viol_lane,road_dry,viol_unsafe_driving,weather_clear,viol_pedestrian_prot,road_wet
밀양시,2022년,6월,초동면,2,29.29,0,0.4479,27,Low-Risk,viol_signal,법규위반_교차로운행방법위반_건수,road_near_intersection,viol_unsafe_distance,viol_centerline,road_dry,viol_unsafe_driving,weather_clear,road_wet,viol_pedestrian_prot
밀양시,2022년,6월,하남읍,2,39.16,1,0.7205,56,High-Risk Warning,weather_cloudy,sports_facilities,road_single_other,법규위반_교차로운행방법위반_건수,campgrounds,road_dry,weather_clear,viol_unsafe_driving,viol_pedestrian_prot,road_wet
밀양시,2022년,7월,가곡동,3,58.3,1,0.9904,55,High-Risk Warning,road_dry,weather_clear,viol_signal,법규위반_교차로운행방법위반_건수,viol_unsafe_distance,viol_unsafe_driving,road_wet,viol_pedestrian_prot,weather_cloudy,road_intersection
밀양시,2022년,7월,교동,3,25.09,0,0.1395,16,Low-Risk,road_wet,weather_rain,sports_facilities,viol_signal,viol_unsafe_distance,road_dry,viol_unsafe_driving,weather_clear,viol_pedestrian_prot,road_intersection
밀양시,2022년,7월,내이동,3,155.2,1,0.9988,197,High-Risk Warning,road_dry,viol_unsafe_driving,road_wet,road_intersection,weather_cloudy,viol_pedestrian_prot,sports_facilities,viol_other,도로형태_교차로횡단보도내_건수,campgrounds
밀양시,2022년,7월,내일동,3,14.49,0,0.0431,8,Low-Risk,법규위반_교차로운행방법위반_건수,viol_unsafe_distance,campgrounds,viol_centerline,법규위반_직진우회전진행방해_건수,road_dry,viol_unsafe_driving,weather_clear,road_wet,viol_pedestrian_prot
밀양시,2022년,7월,단장면,3,27.43,0,0.1431,19,Low-Risk,법규위반_교차로운행방법위반_건수,viol_unsafe_distance,viol_centerline,법규위반_직진우회전진행방해_건수,viol_lane,road_dry,weather_clear,viol_unsafe_driving,road_wet,viol_pedestrian_prot
밀양시,2022년,7월,무안면,3,45.8,1,0.8777,46,High-Risk Warning,weather_clear,road_near_intersection,법규위반_교차로운행방법위반_건수,viol_signal,viol_unsafe_distance,road_dry,viol_unsafe_driving,road_wet,viol_pedestrian_prot,weather_cloudy
밀양시,2022년,7월,부북면,3,45.68,1,0.8772,46,High-Risk Warning,weather_clear,viol_signal,road_single_other,법규위반_교차로운행방법위반_건수,road_near_intersection,road_dry,viol_unsafe_driving,viol_pedestrian_prot,road_wet,weather_cloudy
밀양시,2022년,7월,산외면,3,37.94,0,0.4875,56,Low-Risk,road_wet,weather_rain,sports_facilities,campgrounds,viol_signal,road_dry,viol_unsafe_driving,weather_clear,viol_pedestrian_prot,road_intersection
밀양시,2022년,7월,삼랑진읍,3,51.34,1,0.9238,38,High-Risk Warning,road_wet,viol_unsafe_driving,weather_cloudy,road_single_other,법규위반_교차로운행방법위반_건수,road_dry,weather_clear,viol_pedestrian_prot,road_intersection,sports_facilities
밀양시,2022년,7월,삼문동,3,60.7,1,0.9715,36,High-Risk Warning,viol_pedestrian_prot,road_wet,weather_cloudy,sports_facilities,weather_rain,road_dry,weather_clear,viol_unsafe_driving,road_single_other,road_intersection
밀양시,2022년,7월,상남면,3,45.99,1,0.8071,35,High-Risk Warning,weather_clear,road_single_other,법규위반_교차로운행방법위반_건수,viol_unsafe_distance,viol_centerline,road_dry,viol_unsafe_driving,viol_pedestrian_prot,road_wet,weather_cloudy
밀양시,2022년,7월,상동면,3,18.95,0,0.026,19,Low-Risk,viol_other,법규위반_교차로운행방법위반_건수,viol_unsafe_distance,campgrounds,viol_centerline,road_dry,viol_unsafe_driving,weather_clear,road_wet,viol_pedestrian_prot
밀양시,2022년,7월,청도면,3,15.58,0,0.0493,8,Low-Risk,법규위반_교차로운행방법위반_건수,viol_unsafe_distance,viol_centerline,법규위반_직진우회전진행방해_건수,viol_lane,road_dry,viol_unsafe_driving,weather_clear,road_wet,viol_pedestrian_prot
밀양시,2022년,7월,초동면,3,25.44,0,0.2474,6,Low-Risk,road_wet,weather_rain,road_single_other,법규위반_교차로운행방법위반_건수,viol_signal,road_dry,viol_unsafe_driving,weather_clear,viol_pedestrian_prot,road_intersection
밀양시,2022년,7월,활성동,3,15.2,0,0.0258,19,Low-Risk,sports_facilities,법규위반_교차로운행방법위반_건수,viol_centerline,법규위반_직진우회전진행방해_건수,viol_lane,road_dry,viol_unsafe_driving,weather_clear,road_wet,viol_pedestrian_prot
밀양시,2022년,8월,가곡동,3,77.56,1,0.9924,67,High-Risk Warning,viol_pedestrian_prot,road_dry,weather_cloudy,weather_clear,sports_facilities,viol_unsafe_driving,road_single_other,road_wet,road_intersection,도로형태_교차로횡단보도내_건수
밀양시,2022년,8월,교동,3,42.31,1,0.7979,51,High-Risk Warning,road_wet,weather_cloudy,weather_rain,road_single_other,sports_facilities,road_dry,weather_clear,viol_unsafe_driving,viol_pedestrian_prot,road_intersection
밀양시,2022년,8월,내이동,3,94.44,1,0.9989,83,High-Risk Warning,viol_unsafe_driving,road_wet,road_dry,weather_clear,road_intersection,viol_pedestrian_prot,법규위반_교차로운행방법위반_건수,sports_facilities,viol_other,campgrounds
밀양시,2022년,8월,내일동,3,58.34,1,0.9886,41,High-Risk Warning,road_dry,weather_clear,weather_cloudy,road_single_other,viol_unsafe_distance,viol_unsafe_driving,viol_pedestrian_prot,road_wet,법규위반_교차로운행방법위반_건수,road_intersection
밀양시,2022년,8월,무안면,3,35.81,0,0.4203,22,Low-Risk,viol_other,weather_cloudy,법규위반_교차로운행방법위반_건수,viol_unsafe_distance,road_near_intersection,road_dry,viol_unsafe_driving,weather_clear,viol_pedestrian_prot,road_wet
밀양시,2022년,8월,부북면,3,29.29,0,0.4803,47,Low-Risk,viol_signal,법규위반_교차로운행방법위반_건수,road_near_intersection,viol_unsafe_distance,viol_centerline,road_dry,viol_unsafe_driving,weather_clear,road_wet,viol_pedestrian_prot
밀양시,2022년,8월,산외면,3,38.56,0,0.4875,30,Low-Risk,road_wet,weather_rain,sports_facilities,campgrounds,법규위반_교차로운행방법위반_건수,road_dry,weather_clear,viol_unsafe_driving,viol_pedestrian_prot,weather_cloudy
밀양시,2022년,8월,삼랑진읍,3,46.1,1,0.8576,46,High-Risk Warning,weather_clear,road_near_intersection,viol_signal,법규위반_교차로운행방법위반_건수,viol_unsafe_distance,road_dry,viol_unsafe_driving,road_wet,viol_pedestrian_prot,weather_cloudy
밀양시,2022년,8월,삼문동,3,95.16,1,0.9964,107,High-Risk Warning,road_dry,viol_pedestrian_prot,weather_cloudy,weather_clear,road_intersection,road_wet,viol_unsafe_driving,road_single_other,법규위반_교차로운행방법위반_건수,viol_other
밀양시,2022년,8월,상남면,3,137.97,1,0.9994,124,High-Risk Warning,road_dry,viol_unsafe_driving,road_wet,road_intersection,weather_cloudy,viol_pedestrian_prot,법규위반_교차로운행방법위반_건수,viol_signal,sports_facilities,viol_other
밀양시,2022년,8월,상동면,3,28.93,0,0.4116,16,Low-Risk,weather_cloudy,법규위반_교차로운행방법위반_건수,viol_unsafe_distance,road_near_intersection,viol_centerline,road_dry,weather_clear,viol_unsafe_driving,viol_pedestrian_prot,road_wet
밀양시,2022년,8월,하남읍,3,20.74,0,0.1423,8,Low-Risk,road_wet,weather_rain,sports_facilities,campgrounds,법규위반_교차로운행방법위반_건수,road_dry,weather_clear,viol_unsafe_driving,viol_pedestrian_prot,weather_cloudy
밀양시,2022년,8월,활성동,3,15.58,0,0.0493,19,Low-Risk,sports_facilities,법규위반_교차로운행방법위반_건수,viol_unsafe_distance,viol_centerline,법규위반_직진우회전진행방해_건수,road_dry,viol_unsafe_driving,weather_clear,road_wet,viol_pedestrian_prot
밀양시,2022년,9월,가곡동,3,36.69,1,0.5919,47,High-Risk Warning,weather_cloudy,sports_facilities,road_near_intersection,viol_unsafe_distance,viol_centerline,road_dry,weather_clear,viol_unsafe_driving,viol_pedestrian_prot,road_wet
밀양시,2022년,9월,교동,3,15.98,0,0.0257,28,Low-Risk,weather_cloudy,sports_facilities,법규위반_교차로운행방법위반_건수,viol_unsafe_distance,road_near_intersection,road_dry,weather_clear,viol_unsafe_driving,viol_pedestrian_prot,road_wet
밀양시,2022년,9월,내이동,3,141.96,1,0.9984,130,High-Risk Warning,road_dry,viol_pedestrian_prot,viol_unsafe_driving,weather_cloudy,road_single_other,road_wet,법규위반_교차로운행방법위반_건수,road_intersection,viol_other,sports_facilities
밀양시,2022년,9월,내일동,3,27.97,0,0.3131,37,Low-Risk,법규위반_교차로운행방법위반_건수,viol_unsafe_distance,campgrounds,viol_centerline,법규위반_직진우회전진행방해_건수,road_dry,weather_clear,viol_unsafe_driving,road_wet,viol_pedestrian_prot
밀양시,2022년,9월,단장면,3,13.95,0,0.0266,3,Low-Risk,법규위반_교차로운행방법위반_건수,viol_unsafe_distance,viol_centerline,법규위반_직진우회전진행방해_건수,viol_lane,road_dry,viol_unsafe_driving,weather_clear,road_wet,viol_pedestrian_prot
밀양시,2022년,9월,무안면,3,18.95,0,0.026,8,Low-Risk,viol_other,법규위반_교차로운행방법위반_건수,viol_unsafe_distance,campgrounds,viol_centerline,road_dry,viol_unsafe_driving,weather_clear,road_wet,viol_pedestrian_prot
밀양시,2022년,9월,삼랑진읍,3,71.55,1,0.9877,44,High-Risk Warning,road_dry,weather_clear,viol_unsafe_driving,road_single_other,법규위반_교차로운행방법위반_건수,viol_pedestrian_prot,road_wet,weather_cloudy,road_intersection,viol_other
밀양시,2022년,9월,삼문동,3,99.96,1,0.993,123,High-Risk Warning,road_dry,viol_unsafe_driving,weather_cloudy,weather_clear,road_intersection,road_wet,viol_pedestrian_prot,viol_other,weather_rain,road_near_intersection
밀양시,2022년,9월,상남면,3,61.49,1,0.9933,75,High-Risk Warning,road_dry,weather_clear,weather_cloudy,road_single_other,viol_signal,viol_unsafe_driving,viol_pedestrian_prot,road_wet,road_intersection,sports_facilities
밀양시,2022년,9월,초동면,3,29.06,0,0.2701,16,Low-Risk,법규위반_교차로운행방법위반_건수,viol_unsafe_distance,viol_centerline,법규위반_직진우회전진행방해_건수,viol_lane,road_dry,weather_clear,viol_unsafe_driving,road_wet,viol_pedestrian_prot
밀양시,2022년,9월,하남읍,3,15.89,0,0.0493,19,Low-Risk,campgrounds,sports_facilities,법규위반_교차로운행방법위반_건수,viol_unsafe_distance,viol_centerline,road_dry,viol_unsafe_driving,weather_clear,road_wet,viol_pedestrian_prot
